{
    "parent": "block/cube",
    "textures": {
        "particle": "lootplusplus:blocks/nightmare_crafting_table_front",
        "down": "lootplusplus:blocks/nightmare_planks",
        "up": "lootplusplus:blocks/nightmare_crafting_table_top",
        "north": "lootplusplus:blocks/nightmare_crafting_table_front",
        "east": "lootplusplus:blocks/nightmare_crafting_table_side",
        "south": "lootplusplus:blocks/nightmare_crafting_table_side",
        "west": "lootplusplus:blocks/nightmare_crafting_table_front"
    }
}
