{
    "__comment": "Model generated using MrCrayfish's Model Creator (http://mrcrayfish.com/modelcreator/)",
    "textures": {
	    "particle": "lootplusplus:blocks/rainbow.wheatley_core",
        "0": "lootplusplus:blocks/rainbow.wheatley_core",
        "1": "lootplusplus:blocks/rainbow.wheatley_eye"
    },
    "elements": [
        {
            "name": "Cube",
            "from": [ 3.0, 13.0, 15.0 ], 
            "to": [ 12.0, 14.0, 16.0 ], 
            "shade": false,
            "faces": {
                "north": { "texture": "#0", "uv": [ 4.0, 13.0, 5.0, 14.0 ] },
                "east": { "texture": "#0", "uv": [ 4.0, 13.0, 5.0, 14.0 ] },
                "south": { "texture": "#0", "uv": [ 4.0, 13.0, 5.0, 14.0 ] },
                "west": { "texture": "#0", "uv": [ 6.0, 1.0, 7.0, 2.0 ] },
                "up": { "texture": "#0", "uv": [ 5.0, 1.0, 6.0, 2.0 ] },
                "down": { "texture": "#0", "uv": [ 6.0, 1.0, 7.0, 2.0 ] }
            }
        },
        {
            "name": "Cube",
            "from": [ 3.0, 1.5, 15.0 ], 
            "to": [ 12.0, 2.5, 16.0 ], 
            "faces": {
                "north": { "texture": "#0", "uv": [ 7.0, 1.0, 8.0, 2.0 ] },
                "east": { "texture": "#0", "uv": [ 6.0, 1.0, 7.0, 2.0 ] },
                "south": { "texture": "#0", "uv": [ 6.0, 1.0, 7.0, 2.0 ] },
                "west": { "texture": "#0", "uv": [ 6.0, 1.0, 7.0, 2.0 ] },
                "up": { "texture": "#0", "uv": [ 6.0, 1.0, 7.0, 2.0 ] },
                "down": { "texture": "#0", "uv": [ 6.0, 1.0, 7.0, 2.0 ] }
            }
        },
        {
            "name": "Cube",
            "from": [ 9.0, 5.0, 13.0 ], 
            "to": [ 10.0, 6.0, 14.0 ], 
            "faces": {
                "north": { "texture": "#0", "uv": [ 5.0, 3.0, 6.0, 4.0 ] },
                "east": { "texture": "#0", "uv": [ 6.0, 3.0, 7.0, 4.0 ] },
                "south": { "texture": "#0", "uv": [ 6.0, 3.0, 7.0, 4.0 ] },
                "west": { "texture": "#0", "uv": [ 6.0, 3.0, 7.0, 4.0 ] },
                "up": { "texture": "#0", "uv": [ 6.0, 3.0, 7.0, 4.0 ] },
                "down": { "texture": "#0", "uv": [ 6.0, 3.0, 7.0, 4.0 ] }
            }
        },
        {
            "name": "Cube",
            "from": [ 6.0, 4.0, 13.0 ], 
            "to": [ 9.0, 5.0, 14.0 ], 
            "faces": {
                "north": { "texture": "#0", "uv": [ 11.0, 7.0, 12.0, 8.0 ] },
                "east": { "texture": "#0", "uv": [ 11.0, 6.0, 12.0, 7.0 ] },
                "south": { "texture": "#0", "uv": [ 12.0, 6.0, 13.0, 7.0 ] },
                "west": { "texture": "#0", "uv": [ 9.0, 9.0, 10.0, 10.0 ] },
                "up": { "texture": "#0", "uv": [ 12.0, 6.0, 13.0, 7.0 ] },
                "down": { "texture": "#0", "uv": [ 10.0, 4.0, 11.0, 5.0 ] }
            }
        },
        {
            "name": "Cube",
            "from": [ 5.0, 9.0, 13.0 ], 
            "to": [ 6.0, 10.0, 14.0 ], 
            "faces": {
                "north": { "texture": "#0", "uv": [ 11.0, 5.0, 12.0, 6.0 ] },
                "east": { "texture": "#0", "uv": [ 11.0, 4.0, 12.0, 5.0 ] },
                "south": { "texture": "#0", "uv": [ 11.0, 4.0, 12.0, 5.0 ] },
                "west": { "texture": "#0", "uv": [ 11.0, 5.0, 12.0, 6.0 ] },
                "up": { "texture": "#0", "uv": [ 11.0, 5.0, 12.0, 6.0 ] },
                "down": { "texture": "#0", "uv": [ 11.0, 4.0, 12.0, 5.0 ] }
            }
        },
        {
            "name": "Cube",
            "from": [ 6.0, 10.0, 13.0 ], 
            "to": [ 9.0, 11.0, 14.0 ], 
            "faces": {
                "north": { "texture": "#0", "uv": [ 12.0, 6.0, 13.0, 7.0 ] },
                "east": { "texture": "#0", "uv": [ 12.0, 6.0, 13.0, 7.0 ] },
                "south": { "texture": "#0", "uv": [ 12.0, 6.0, 13.0, 7.0 ] },
                "west": { "texture": "#0", "uv": [ 11.0, 6.0, 12.0, 7.0 ] },
                "up": { "texture": "#0", "uv": [ 12.0, 6.0, 13.0, 7.0 ] },
                "down": { "texture": "#0", "uv": [ 11.0, 5.0, 12.0, 6.0 ] }
            }
        },
        {
            "name": "Cube",
            "from": [ 5.0, 5.0, 13.0 ], 
            "to": [ 6.0, 6.0, 14.0 ], 
            "faces": {
                "north": { "texture": "#0", "uv": [ 10.0, 5.0, 11.0, 6.0 ] },
                "east": { "texture": "#0", "uv": [ 11.0, 6.0, 12.0, 7.0 ] },
                "south": { "texture": "#0", "uv": [ 9.0, 4.0, 10.0, 5.0 ] },
                "west": { "texture": "#0", "uv": [ 6.0, 3.0, 7.0, 4.0 ] },
                "up": { "texture": "#0", "uv": [ 3.0, 5.0, 4.0, 6.0 ] },
                "down": { "texture": "#0", "uv": [ 6.0, 3.0, 7.0, 4.0 ] }
            }
        },
        {
            "name": "Cube",
            "from": [ 10.0, 6.0, 13.0 ], 
            "to": [ 11.0, 9.0, 14.0 ], 
            "faces": {
                "north": { "texture": "#0", "uv": [ 10.0, 9.0, 11.0, 10.0 ] },
                "east": { "texture": "#0", "uv": [ 10.0, 8.0, 11.0, 9.0 ] },
                "south": { "texture": "#0", "uv": [ 10.0, 9.0, 11.0, 10.0 ] },
                "west": { "texture": "#0", "uv": [ 11.0, 5.0, 12.0, 6.0 ] },
                "up": { "texture": "#0", "uv": [ 11.0, 5.0, 12.0, 6.0 ] },
                "down": { "texture": "#0", "uv": [ 3.0, 5.0, 4.0, 6.0 ] }
            }
        },
        {
            "name": "Cube",
            "from": [ 9.0, 9.0, 13.0 ], 
            "to": [ 10.0, 10.0, 14.0 ], 
            "faces": {
                "north": { "texture": "#0", "uv": [ 11.0, 6.0, 12.0, 7.0 ] },
                "east": { "texture": "#0", "uv": [ 11.0, 5.0, 12.0, 6.0 ] },
                "south": { "texture": "#0", "uv": [ 11.0, 5.0, 12.0, 6.0 ] },
                "west": { "texture": "#0", "uv": [ 11.0, 3.0, 12.0, 4.0 ] },
                "up": { "texture": "#0", "uv": [ 13.0, 6.0, 14.0, 7.0 ] },
                "down": { "texture": "#0", "uv": [ 11.0, 4.0, 12.0, 5.0 ] }
            }
        },
        {
            "name": "Cube",
            "from": [ 4.0, 6.0, 13.0 ], 
            "to": [ 5.0, 9.0, 14.0 ], 
            "faces": {
                "north": { "texture": "#0", "uv": [ 11.0, 5.0, 12.0, 6.0 ] },
                "east": { "texture": "#0", "uv": [ 11.0, 4.0, 12.0, 5.0 ] },
                "south": { "texture": "#0", "uv": [ 11.0, 4.0, 12.0, 5.0 ] },
                "west": { "texture": "#0", "uv": [ 11.0, 5.0, 12.0, 6.0 ] },
                "up": { "texture": "#0", "uv": [ 11.0, 5.0, 12.0, 6.0 ] },
                "down": { "texture": "#0", "uv": [ 11.0, 3.0, 12.0, 4.0 ] }
            }
        },
        {
            "name": "Cube",
            "from": [ 2.0, 12.0, 9.0 ], 
            "to": [ 3.0, 17.0, 10.0 ], 
            "rotation": { "origin": [ 8.0, 8.0, 8.0 ], "axis": "x", "angle": 45.0 },
            "faces": {
                "north": { "texture": "#0", "uv": [ 11.0, 7.0, 12.0, 9.0 ] },
                "east": { "texture": "#0", "uv": [ 9.0, 3.0, 10.0, 5.0 ] },
                "south": { "texture": "#0", "uv": [ 11.0, 5.0, 12.0, 6.0 ] },
                "west": { "texture": "#0", "uv": [ 10.0, 4.0, 11.0, 5.0 ] },
                "up": { "texture": "#0", "uv": [ 10.0, 4.0, 11.0, 5.0 ] },
                "down": { "texture": "#0", "uv": [ 11.0, 4.0, 12.0, 5.0 ] }
            }
        },
        {
            "name": "Cube",
            "from": [ 2.0, -2.0, 8.0 ], 
            "to": [ 3.0, 3.0, 9.0 ], 
            "rotation": { "origin": [ 8.0, 8.0, 8.0 ], "axis": "x", "angle": -45.0 },
            "faces": {
                "north": { "texture": "#0", "uv": [ 11.0, 4.0, 12.0, 5.0 ] },
                "east": { "texture": "#0", "uv": [ 10.0, 4.0, 11.0, 5.0 ] },
                "south": { "texture": "#0", "uv": [ 10.0, 5.0, 11.0, 6.0 ] },
                "west": { "texture": "#0", "uv": [ 11.0, 5.0, 12.0, 6.0 ] },
                "up": { "texture": "#0", "uv": [ 5.0, 3.0, 6.0, 4.0 ] },
                "down": { "texture": "#0", "uv": [ 5.0, 4.0, 6.0, 5.0 ] }
            }
        },
        {
            "name": "Cube",
            "from": [ 12.0, -2.0, 8.0 ], 
            "to": [ 13.0, 3.0, 9.0 ], 
            "rotation": { "origin": [ 8.0, 8.0, 8.0 ], "axis": "x", "angle": -45.0 },
            "faces": {
                "north": { "texture": "#0", "uv": [ 12.0, 7.0, 13.0, 8.0 ] },
                "east": { "texture": "#0", "uv": [ 11.0, 6.0, 12.0, 7.0 ] },
                "south": { "texture": "#0", "uv": [ 3.0, 4.0, 4.0, 5.0 ] },
                "west": { "texture": "#0", "uv": [ 11.0, 5.0, 12.0, 6.0 ] },
                "up": { "texture": "#0", "uv": [ 13.0, 5.0, 14.0, 6.0 ] },
                "down": { "texture": "#0", "uv": [ 11.0, 5.0, 12.0, 6.0 ] }
            }
        },
        {
            "name": "Cube",
            "from": [ 12.0, 12.0, 9.0 ], 
            "to": [ 13.0, 17.0, 10.0 ], 
            "rotation": { "origin": [ 8.0, 8.0, 8.0 ], "axis": "x", "angle": 45.0 },
            "faces": {
                "north": { "texture": "#0", "uv": [ 10.0, 9.0, 11.0, 10.0 ] },
                "east": { "texture": "#0", "uv": [ 11.0, 4.0, 12.0, 5.0 ] },
                "south": { "texture": "#0", "uv": [ 11.0, 5.0, 12.0, 6.0 ] },
                "west": { "texture": "#0", "uv": [ 4.0, 4.0, 5.0, 5.0 ] },
                "up": { "texture": "#0", "uv": [ 4.0, 5.0, 5.0, 6.0 ] },
                "down": { "texture": "#0", "uv": [ 9.0, 11.0, 10.0, 12.0 ] }
            }
        },
        {
            "name": "Cube",
            "from": [ 10.0, 6.0, 12.0 ], 
            "to": [ 11.0, 7.0, 12.0 ], 
            "faces": {
                "north": { "texture": "#0", "uv": [ 11.0, 5.0, 12.0, 6.0 ] },
                "east": { "texture": "#0", "uv": [ 11.0, 4.0, 12.0, 5.0 ] },
                "south": { "texture": "#0", "uv": [ 11.0, 4.0, 12.0, 5.0 ] },
                "west": { "texture": "#0", "uv": [ 11.0, 5.0, 12.0, 6.0 ] },
                "up": { "texture": "#0", "uv": [ 11.0, 4.0, 12.0, 5.0 ] },
                "down": { "texture": "#0", "uv": [ 11.0, 4.0, 12.0, 5.0 ] }
            }
        },
        {
            "name": "Cube",
            "from": [ 5.0, 4.0, 12.0 ], 
            "to": [ 6.0, 5.0, 13.0 ], 
            "faces": {
                "north": { "texture": "#0", "uv": [ 3.0, 5.0, 4.0, 6.0 ] },
                "east": { "texture": "#0", "uv": [ 4.0, 4.0, 5.0, 5.0 ] },
                "south": { "texture": "#0", "uv": [ 5.0, 3.0, 6.0, 4.0 ] },
                "west": { "texture": "#0", "uv": [ 5.0, 4.0, 6.0, 5.0 ] },
                "up": { "texture": "#0", "uv": [ 4.0, 4.0, 5.0, 5.0 ] },
                "down": { "texture": "#0", "uv": [ 5.0, 3.0, 6.0, 4.0 ] }
            }
        },
        {
            "name": "Cube",
            "from": [ 6.0, 1.0, 12.0 ], 
            "to": [ 9.0, 2.0, 13.0 ], 
            "faces": {
                "north": { "texture": "#0", "uv": [ 11.0, 3.0, 12.0, 4.0 ] },
                "east": { "texture": "#0", "uv": [ 11.0, 5.0, 12.0, 6.0 ] },
                "south": { "texture": "#0", "uv": [ 11.0, 4.0, 12.0, 5.0 ] },
                "west": { "texture": "#0", "uv": [ 3.0, 4.0, 4.0, 5.0 ] },
                "up": { "texture": "#0", "uv": [ 9.0, 11.0, 10.0, 12.0 ] },
                "down": { "texture": "#0", "uv": [ 11.0, 5.0, 12.0, 6.0 ] }
            }
        },
        {
            "name": "Cube",
            "from": [ 3.0, 5.0, 11.0 ], 
            "to": [ 6.0, 6.0, 12.0 ], 
            "faces": {
                "north": { "texture": "#0", "uv": [ 11.0, 5.0, 12.0, 6.0 ] },
                "east": { "texture": "#0", "uv": [ 11.0, 3.0, 12.0, 4.0 ] },
                "south": { "texture": "#0", "uv": [ 9.0, 2.0, 10.0, 3.0 ] },
                "west": { "texture": "#0", "uv": [ 5.0, 3.0, 6.0, 4.0 ] },
                "up": { "texture": "#0", "uv": [ 11.0, 4.0, 12.0, 5.0 ] },
                "down": { "texture": "#0", "uv": [ 11.0, 4.0, 12.0, 5.0 ] }
            }
        },
        {
            "name": "Cube",
            "from": [ 9.0, 5.0, 11.0 ], 
            "to": [ 12.0, 6.0, 12.0 ], 
            "faces": {
                "north": { "texture": "#0", "uv": [ 9.0, 3.0, 10.0, 4.0 ] },
                "east": { "texture": "#0", "uv": [ 3.0, 5.0, 4.0, 6.0 ] },
                "south": { "texture": "#0", "uv": [ 3.0, 7.0, 4.0, 8.0 ] },
                "west": { "texture": "#0", "uv": [ 3.0, 9.0, 4.0, 10.0 ] },
                "up": { "texture": "#0", "uv": [ 3.0, 9.0, 4.0, 10.0 ] },
                "down": { "texture": "#0", "uv": [ 3.0, 8.0, 4.0, 9.0 ] }
            }
        },
        {
            "name": "Cube",
            "from": [ 13.0, 6.0, 12.0 ], 
            "to": [ 14.0, 9.0, 13.0 ], 
            "faces": {
                "north": { "texture": "#0", "uv": [ 10.0, 9.0, 11.0, 10.0 ] },
                "east": { "texture": "#0", "uv": [ 10.0, 9.0, 11.0, 10.0 ] },
                "south": { "texture": "#0", "uv": [ 10.0, 9.0, 11.0, 10.0 ] },
                "west": { "texture": "#0", "uv": [ 10.0, 9.0, 11.0, 10.0 ] },
                "up": { "texture": "#0", "uv": [ 10.0, 9.0, 11.0, 10.0 ] },
                "down": { "texture": "#0", "uv": [ 10.0, 9.0, 11.0, 10.0 ] }
            }
        },
        {
            "name": "Cube",
            "from": [ 9.0, 9.0, 11.0 ], 
            "to": [ 12.0, 10.0, 12.0 ], 
            "faces": {
                "north": { "texture": "#0", "uv": [ 11.0, 4.0, 12.0, 5.0 ] },
                "east": { "texture": "#0", "uv": [ 11.0, 4.0, 12.0, 5.0 ] },
                "south": { "texture": "#0", "uv": [ 11.0, 3.0, 12.0, 4.0 ] },
                "west": { "texture": "#0", "uv": [ 11.0, 3.0, 12.0, 4.0 ] },
                "up": { "texture": "#0", "uv": [ 11.0, 3.0, 12.0, 4.0 ] },
                "down": { "texture": "#0", "uv": [ 12.0, 5.0, 13.0, 6.0 ] }
            }
        },
        {
            "name": "Cube",
            "from": [ 6.0, 13.0, 12.0 ], 
            "to": [ 9.0, 14.0, 13.0 ], 
            "faces": {
                "north": { "texture": "#0", "uv": [ 11.0, 5.0, 12.0, 6.0 ] },
                "east": { "texture": "#0", "uv": [ 11.0, 3.0, 12.0, 4.0 ] },
                "south": { "texture": "#0", "uv": [ 11.0, 5.0, 12.0, 6.0 ] },
                "west": { "texture": "#0", "uv": [ 11.0, 4.0, 12.0, 5.0 ] },
                "up": { "texture": "#0", "uv": [ 12.0, 5.0, 13.0, 6.0 ] },
                "down": { "texture": "#0", "uv": [ 3.0, 9.0, 4.0, 10.0 ] }
            }
        },
        {
            "name": "Cube",
            "from": [ 3.0, 9.0, 11.0 ], 
            "to": [ 6.0, 10.0, 12.0 ], 
            "faces": {
                "north": { "texture": "#0", "uv": [ 11.0, 4.0, 12.0, 5.0 ] },
                "east": { "texture": "#0", "uv": [ 11.0, 5.0, 12.0, 6.0 ] },
                "south": { "texture": "#0", "uv": [ 11.0, 4.0, 12.0, 5.0 ] },
                "west": { "texture": "#0", "uv": [ 11.0, 5.0, 12.0, 6.0 ] },
                "up": { "texture": "#0", "uv": [ 6.0, 3.0, 7.0, 4.0 ] },
                "down": { "texture": "#0", "uv": [ 6.0, 3.0, 7.0, 4.0 ] }
            }
        },
        {
            "name": "Cube",
            "from": [ 2.0, 6.0, 11.0 ], 
            "to": [ 5.0, 9.0, 12.0 ], 
            "faces": {
                "north": { "texture": "#0", "uv": [ 11.0, 5.0, 12.0, 6.0 ] },
                "east": { "texture": "#0", "uv": [ 11.0, 5.0, 12.0, 6.0 ] },
                "south": { "texture": "#0", "uv": [ 10.0, 5.0, 11.0, 6.0 ] },
                "west": { "texture": "#0", "uv": [ 11.0, 6.0, 12.0, 7.0 ] },
                "up": { "texture": "#0", "uv": [ 11.0, 5.0, 12.0, 6.0 ] },
                "down": { "texture": "#0", "uv": [ 11.0, 5.0, 12.0, 6.0 ] }
            }
        },
        {
            "name": "Cube",
            "from": [ 1.0, 6.0, 12.0 ], 
            "to": [ 2.0, 9.0, 13.0 ], 
            "faces": {
                "north": { "texture": "#0", "uv": [ 10.0, 4.0, 11.0, 5.0 ] },
                "east": { "texture": "#0", "uv": [ 11.0, 4.0, 12.0, 5.0 ] },
                "south": { "texture": "#0", "uv": [ 11.0, 4.0, 12.0, 5.0 ] },
                "west": { "texture": "#0", "uv": [ 11.0, 4.0, 12.0, 5.0 ] },
                "up": { "texture": "#0", "uv": [ 11.0, 4.0, 12.0, 5.0 ] },
                "down": { "texture": "#0", "uv": [ 11.0, 5.0, 12.0, 6.0 ] }
            }
        },
        {
            "name": "Cube",
            "from": [ 2.0, 9.0, 12.0 ], 
            "to": [ 3.0, 10.0, 13.0 ], 
            "faces": {
                "north": { "texture": "#0", "uv": [ 11.0, 5.0, 12.0, 6.0 ] },
                "east": { "texture": "#0", "uv": [ 11.0, 4.0, 12.0, 5.0 ] },
                "south": { "texture": "#0", "uv": [ 11.0, 4.0, 12.0, 5.0 ] },
                "west": { "texture": "#0", "uv": [ 11.0, 4.0, 12.0, 5.0 ] },
                "up": { "texture": "#0", "uv": [ 11.0, 4.0, 12.0, 5.0 ] },
                "down": { "texture": "#0", "uv": [ 11.0, 4.0, 12.0, 5.0 ] }
            }
        },
        {
            "name": "Cube",
            "from": [ 6.0, 10.0, 12.0 ], 
            "to": [ 9.0, 12.0, 13.0 ], 
            "faces": {
                "north": { "texture": "#0", "uv": [ 11.0, 4.0, 12.0, 5.0 ] },
                "east": { "texture": "#0", "uv": [ 11.0, 5.0, 12.0, 6.0 ] },
                "south": { "texture": "#0", "uv": [ 11.0, 4.0, 12.0, 5.0 ] },
                "west": { "texture": "#0", "uv": [ 11.0, 5.0, 12.0, 6.0 ] },
                "up": { "texture": "#0", "uv": [ 11.0, 4.0, 12.0, 5.0 ] },
                "down": { "texture": "#0", "uv": [ 11.0, 5.0, 12.0, 6.0 ] }
            }
        },
        {
            "name": "Cube",
            "from": [ 9.0, 9.0, 12.0 ], 
            "to": [ 11.0, 10.0, 13.0 ], 
            "faces": {
                "north": { "texture": "#0", "uv": [ 11.0, 4.0, 12.0, 5.0 ] },
                "east": { "texture": "#0", "uv": [ 11.0, 4.0, 12.0, 5.0 ] },
                "south": { "texture": "#0", "uv": [ 11.0, 5.0, 12.0, 6.0 ] },
                "west": { "texture": "#0", "uv": [ 11.0, 5.0, 12.0, 6.0 ] },
                "up": { "texture": "#0", "uv": [ 11.0, 5.0, 12.0, 6.0 ] },
                "down": { "texture": "#0", "uv": [ 11.0, 5.0, 12.0, 6.0 ] }
            }
        },
        {
            "name": "Cube",
            "from": [ 10.0, 6.0, 12.0 ], 
            "to": [ 12.0, 9.0, 13.0 ], 
            "faces": {
                "north": { "texture": "#0", "uv": [ 11.0, 3.0, 12.0, 4.0 ] },
                "east": { "texture": "#0", "uv": [ 11.0, 4.0, 12.0, 5.0 ] },
                "south": { "texture": "#0", "uv": [ 11.0, 3.0, 12.0, 4.0 ] },
                "west": { "texture": "#0", "uv": [ 11.0, 3.0, 12.0, 4.0 ] },
                "up": { "texture": "#0", "uv": [ 11.0, 3.0, 12.0, 4.0 ] },
                "down": { "texture": "#0", "uv": [ 12.0, 4.0, 13.0, 5.0 ] }
            }
        },
        {
            "name": "Cube",
            "from": [ 9.0, 5.0, 12.0 ], 
            "to": [ 11.0, 6.0, 13.0 ], 
            "faces": {
                "north": { "texture": "#0", "uv": [ 11.0, 4.0, 12.0, 5.0 ] },
                "east": { "texture": "#0", "uv": [ 10.0, 4.0, 11.0, 5.0 ] },
                "south": { "texture": "#0", "uv": [ 11.0, 5.0, 12.0, 6.0 ] },
                "west": { "texture": "#0", "uv": [ 11.0, 4.0, 12.0, 5.0 ] },
                "up": { "texture": "#0", "uv": [ 11.0, 5.0, 12.0, 6.0 ] },
                "down": { "texture": "#0", "uv": [ 11.0, 4.0, 12.0, 5.0 ] }
            }
        },
        {
            "name": "Cube",
            "from": [ 6.0, 3.0, 12.0 ], 
            "to": [ 9.0, 5.0, 13.0 ], 
            "faces": {
                "north": { "texture": "#0", "uv": [ 11.0, 4.0, 12.0, 5.0 ] },
                "east": { "texture": "#0", "uv": [ 11.0, 5.0, 12.0, 6.0 ] },
                "south": { "texture": "#0", "uv": [ 11.0, 4.0, 12.0, 5.0 ] },
                "west": { "texture": "#0", "uv": [ 11.0, 4.0, 12.0, 5.0 ] },
                "up": { "texture": "#0", "uv": [ 11.0, 4.0, 12.0, 5.0 ] },
                "down": { "texture": "#0", "uv": [ 11.0, 5.0, 12.0, 6.0 ] }
            }
        },
        {
            "name": "Cube",
            "from": [ 4.0, 5.0, 12.0 ], 
            "to": [ 6.0, 6.0, 13.0 ], 
            "faces": {
                "north": { "texture": "#0", "uv": [ 11.0, 5.0, 12.0, 6.0 ] },
                "east": { "texture": "#0", "uv": [ 11.0, 3.0, 12.0, 4.0 ] },
                "south": { "texture": "#0", "uv": [ 12.0, 4.0, 13.0, 5.0 ] },
                "west": { "texture": "#0", "uv": [ 11.0, 4.0, 12.0, 5.0 ] },
                "up": { "texture": "#0", "uv": [ 11.0, 4.0, 12.0, 5.0 ] },
                "down": { "texture": "#0", "uv": [ 11.0, 4.0, 12.0, 5.0 ] }
            }
        },
        {
            "name": "Cube",
            "from": [ 10.0, 4.0, 11.0 ], 
            "to": [ 11.0, 5.0, 12.0 ], 
            "faces": {
                "north": { "texture": "#0", "uv": [ 11.0, 4.0, 12.0, 5.0 ] },
                "east": { "texture": "#0", "uv": [ 11.0, 4.0, 12.0, 5.0 ] },
                "south": { "texture": "#0", "uv": [ 11.0, 4.0, 12.0, 5.0 ] },
                "west": { "texture": "#0", "uv": [ 11.0, 4.0, 12.0, 5.0 ] },
                "up": { "texture": "#0", "uv": [ 12.0, 4.0, 13.0, 5.0 ] },
                "down": { "texture": "#0", "uv": [ 11.0, 5.0, 12.0, 6.0 ] }
            }
        },
        {
            "name": "Cube",
            "from": [ 9.0, 10.0, 12.0 ], 
            "to": [ 10.0, 11.0, 13.0 ], 
            "faces": {
                "north": { "texture": "#0", "uv": [ 11.0, 5.0, 12.0, 6.0 ] },
                "east": { "texture": "#0", "uv": [ 11.0, 5.0, 12.0, 6.0 ] },
                "south": { "texture": "#0", "uv": [ 11.0, 4.0, 12.0, 5.0 ] },
                "west": { "texture": "#0", "uv": [ 11.0, 4.0, 12.0, 5.0 ] },
                "up": { "texture": "#0", "uv": [ 11.0, 4.0, 12.0, 5.0 ] },
                "down": { "texture": "#0", "uv": [ 11.0, 4.0, 12.0, 5.0 ] }
            }
        },
        {
            "name": "Cube",
            "from": [ 9.0, 4.0, 12.0 ], 
            "to": [ 10.0, 5.0, 13.0 ], 
            "faces": {
                "north": { "texture": "#0", "uv": [ 11.0, 4.0, 12.0, 5.0 ] },
                "east": { "texture": "#0", "uv": [ 11.0, 5.0, 12.0, 6.0 ] },
                "south": { "texture": "#0", "uv": [ 8.0, 3.0, 9.0, 4.0 ] },
                "west": { "texture": "#0", "uv": [ 11.0, 4.0, 12.0, 5.0 ] },
                "up": { "texture": "#0", "uv": [ 12.0, 6.0, 13.0, 7.0 ] },
                "down": { "texture": "#0", "uv": [ 10.0, 5.0, 11.0, 6.0 ] }
            }
        },
        {
            "name": "Cube",
            "from": [ 2.0, 5.0, 12.0 ], 
            "to": [ 3.0, 6.0, 13.0 ], 
            "faces": {
                "north": { "texture": "#0", "uv": [ 10.0, 5.0, 11.0, 6.0 ] },
                "east": { "texture": "#0", "uv": [ 11.0, 4.0, 12.0, 5.0 ] },
                "south": { "texture": "#0", "uv": [ 10.0, 5.0, 11.0, 6.0 ] },
                "west": { "texture": "#0", "uv": [ 11.0, 5.0, 12.0, 6.0 ] },
                "up": { "texture": "#0", "uv": [ 12.0, 5.0, 13.0, 6.0 ] },
                "down": { "texture": "#0", "uv": [ 11.0, 5.0, 12.0, 6.0 ] }
            }
        },
        {
            "name": "Cube",
            "from": [ 9.0, 3.0, 11.0 ], 
            "to": [ 10.0, 5.0, 12.0 ], 
            "faces": {
                "north": { "texture": "#0", "uv": [ 11.0, 4.0, 12.0, 5.0 ] },
                "east": { "texture": "#0", "uv": [ 11.0, 4.0, 12.0, 5.0 ] },
                "south": { "texture": "#0", "uv": [ 11.0, 4.0, 12.0, 5.0 ] },
                "west": { "texture": "#0", "uv": [ 11.0, 4.0, 12.0, 5.0 ] },
                "up": { "texture": "#0", "uv": [ 4.0, 4.0, 5.0, 5.0 ] },
                "down": { "texture": "#0", "uv": [ 6.0, 3.0, 7.0, 4.0 ] }
            }
        },
        {
            "name": "Cube",
            "from": [ 5.0, 3.0, 11.0 ], 
            "to": [ 6.0, 5.0, 12.0 ], 
            "faces": {
                "north": { "texture": "#0", "uv": [ 11.0, 3.0, 12.0, 4.0 ] },
                "east": { "texture": "#0", "uv": [ 11.0, 4.0, 12.0, 5.0 ] },
                "south": { "texture": "#0", "uv": [ 11.0, 5.0, 12.0, 6.0 ] },
                "west": { "texture": "#0", "uv": [ 11.0, 3.0, 12.0, 4.0 ] },
                "up": { "texture": "#0", "uv": [ 11.0, 5.0, 12.0, 6.0 ] },
                "down": { "texture": "#0", "uv": [ 11.0, 5.0, 12.0, 6.0 ] }
            }
        },
        {
            "name": "Cube",
            "from": [ 4.0, 4.0, 11.0 ], 
            "to": [ 5.0, 5.0, 12.0 ], 
            "faces": {
                "north": { "texture": "#0", "uv": [ 11.0, 4.0, 12.0, 5.0 ] },
                "east": { "texture": "#0", "uv": [ 9.0, 3.0, 10.0, 4.0 ] },
                "south": { "texture": "#0", "uv": [ 5.0, 3.0, 6.0, 4.0 ] },
                "west": { "texture": "#0", "uv": [ 11.0, 3.0, 12.0, 4.0 ] },
                "up": { "texture": "#0", "uv": [ 9.0, 3.0, 10.0, 4.0 ] },
                "down": { "texture": "#0", "uv": [ 4.0, 4.0, 5.0, 5.0 ] }
            }
        },
        {
            "name": "Cube",
            "from": [ 10.0, 10.0, 11.0 ], 
            "to": [ 11.0, 11.0, 12.0 ], 
            "faces": {
                "north": { "texture": "#0", "uv": [ 11.0, 4.0, 12.0, 5.0 ] },
                "east": { "texture": "#0", "uv": [ 11.0, 5.0, 12.0, 6.0 ] },
                "south": { "texture": "#0", "uv": [ 12.0, 5.0, 13.0, 6.0 ] },
                "west": { "texture": "#0", "uv": [ 11.0, 6.0, 12.0, 7.0 ] },
                "up": { "texture": "#0", "uv": [ 11.0, 5.0, 12.0, 6.0 ] },
                "down": { "texture": "#0", "uv": [ 11.0, 4.0, 12.0, 5.0 ] }
            }
        },
        {
            "name": "Cube",
            "from": [ 9.0, 10.0, 11.0 ], 
            "to": [ 10.0, 12.0, 12.0 ], 
            "faces": {
                "north": { "texture": "#0", "uv": [ 11.0, 5.0, 12.0, 6.0 ] },
                "east": { "texture": "#0", "uv": [ 11.0, 4.0, 12.0, 5.0 ] },
                "south": { "texture": "#0", "uv": [ 11.0, 4.0, 12.0, 5.0 ] },
                "west": { "texture": "#0", "uv": [ 11.0, 4.0, 12.0, 5.0 ] },
                "up": { "texture": "#0", "uv": [ 11.0, 4.0, 12.0, 5.0 ] },
                "down": { "texture": "#0", "uv": [ 11.0, 5.0, 12.0, 6.0 ] }
            }
        },
        {
            "name": "Cube",
            "from": [ 4.0, 10.0, 11.0 ], 
            "to": [ 5.0, 11.0, 12.0 ], 
            "faces": {
                "north": { "texture": "#0", "uv": [ 11.0, 4.0, 12.0, 5.0 ] },
                "east": { "texture": "#0", "uv": [ 11.0, 4.0, 12.0, 5.0 ] },
                "south": { "texture": "#0", "uv": [ 11.0, 4.0, 12.0, 5.0 ] },
                "west": { "texture": "#0", "uv": [ 11.0, 5.0, 12.0, 6.0 ] },
                "up": { "texture": "#0", "uv": [ 11.0, 5.0, 12.0, 6.0 ] },
                "down": { "texture": "#0", "uv": [ 11.0, 4.0, 12.0, 5.0 ] }
            }
        },
        {
            "name": "Cube",
            "from": [ 5.0, 10.0, 11.0 ], 
            "to": [ 6.0, 12.0, 12.0 ], 
            "faces": {
                "north": { "texture": "#0", "uv": [ 11.0, 4.0, 12.0, 5.0 ] },
                "east": { "texture": "#0", "uv": [ 11.0, 5.0, 12.0, 6.0 ] },
                "south": { "texture": "#0", "uv": [ 11.0, 4.0, 12.0, 5.0 ] },
                "west": { "texture": "#0", "uv": [ 11.0, 4.0, 12.0, 5.0 ] },
                "up": { "texture": "#0", "uv": [ 11.0, 4.0, 12.0, 5.0 ] },
                "down": { "texture": "#0", "uv": [ 11.0, 4.0, 12.0, 5.0 ] }
            }
        },
        {
            "name": "Cube",
            "from": [ 3.0, 6.0, 12.0 ], 
            "to": [ 5.0, 9.0, 13.0 ], 
            "faces": {
                "north": { "texture": "#0", "uv": [ 11.0, 4.0, 12.0, 5.0 ] },
                "east": { "texture": "#0", "uv": [ 11.0, 4.0, 12.0, 5.0 ] },
                "south": { "texture": "#0", "uv": [ 11.0, 5.0, 12.0, 6.0 ] },
                "west": { "texture": "#0", "uv": [ 11.0, 5.0, 12.0, 6.0 ] },
                "up": { "texture": "#0", "uv": [ 11.0, 4.0, 12.0, 5.0 ] },
                "down": { "texture": "#0", "uv": [ 11.0, 5.0, 12.0, 6.0 ] }
            }
        },
        {
            "name": "Cube",
            "from": [ 6.0, 10.0, 11.0 ], 
            "to": [ 9.0, 13.0, 12.0 ], 
            "faces": {
                "north": { "texture": "#0", "uv": [ 11.0, 4.0, 12.0, 5.0 ] },
                "east": { "texture": "#0", "uv": [ 11.0, 4.0, 12.0, 5.0 ] },
                "south": { "texture": "#0", "uv": [ 11.0, 5.0, 12.0, 6.0 ] },
                "west": { "texture": "#0", "uv": [ 11.0, 3.0, 12.0, 4.0 ] },
                "up": { "texture": "#0", "uv": [ 11.0, 5.0, 12.0, 6.0 ] },
                "down": { "texture": "#0", "uv": [ 11.0, 4.0, 12.0, 5.0 ] }
            }
        },
        {
            "name": "Cube",
            "from": [ 10.0, 6.0, 11.0 ], 
            "to": [ 13.0, 9.0, 12.0 ], 
            "faces": {
                "north": { "texture": "#0", "uv": [ 11.0, 5.0, 12.0, 6.0 ] },
                "east": { "texture": "#0", "uv": [ 11.0, 4.0, 12.0, 5.0 ] },
                "south": { "texture": "#0", "uv": [ 10.0, 9.0, 11.0, 10.0 ] },
                "west": { "texture": "#0", "uv": [ 11.0, 4.0, 12.0, 5.0 ] },
                "up": { "texture": "#0", "uv": [ 11.0, 4.0, 12.0, 5.0 ] },
                "down": { "texture": "#0", "uv": [ 11.0, 4.0, 12.0, 5.0 ] }
            }
        },
        {
            "name": "Cube",
            "from": [ 6.0, 2.0, 11.0 ], 
            "to": [ 9.0, 5.0, 12.0 ], 
            "faces": {
                "north": { "texture": "#0", "uv": [ 11.0, 4.0, 12.0, 5.0 ] },
                "east": { "texture": "#0", "uv": [ 11.0, 4.0, 12.0, 5.0 ] },
                "south": { "texture": "#0", "uv": [ 11.0, 5.0, 12.0, 6.0 ] },
                "west": { "texture": "#0", "uv": [ 11.0, 4.0, 12.0, 5.0 ] },
                "up": { "texture": "#0", "uv": [ 11.0, 4.0, 12.0, 5.0 ] },
                "down": { "texture": "#0", "uv": [ 11.0, 4.0, 12.0, 5.0 ] }
            }
        },
        {
            "name": "Cube",
            "from": [ 4.0, 9.0, 12.0 ], 
            "to": [ 6.0, 10.0, 13.0 ], 
            "faces": {
                "north": { "texture": "#0", "uv": [ 11.0, 5.0, 12.0, 6.0 ] },
                "east": { "texture": "#0", "uv": [ 11.0, 4.0, 12.0, 5.0 ] },
                "south": { "texture": "#0", "uv": [ 11.0, 4.0, 12.0, 5.0 ] },
                "west": { "texture": "#0", "uv": [ 11.0, 4.0, 12.0, 5.0 ] },
                "up": { "texture": "#0", "uv": [ 11.0, 4.0, 12.0, 5.0 ] },
                "down": { "texture": "#0", "uv": [ 11.0, 4.0, 12.0, 5.0 ] }
            }
        },
        {
            "name": "Cube",
            "from": [ 5.0, 10.0, 12.0 ], 
            "to": [ 6.0, 11.0, 13.0 ], 
            "faces": {
                "north": { "texture": "#0", "uv": [ 11.0, 4.0, 12.0, 5.0 ] },
                "east": { "texture": "#0", "uv": [ 11.0, 4.0, 12.0, 5.0 ] },
                "south": { "texture": "#0", "uv": [ 11.0, 4.0, 12.0, 5.0 ] },
                "west": { "texture": "#0", "uv": [ 11.0, 5.0, 12.0, 6.0 ] },
                "up": { "texture": "#0", "uv": [ 13.0, 6.0, 14.0, 7.0 ] },
                "down": { "texture": "#0", "uv": [ 9.0, 3.0, 10.0, 4.0 ] }
            }
        },
        {
            "name": "Cube",
            "from": [ 3.0, 10.0, 12.0 ], 
            "to": [ 4.0, 11.0, 13.0 ], 
            "faces": {
                "north": { "texture": "#0", "uv": [ 11.0, 4.0, 12.0, 5.0 ] },
                "east": { "texture": "#0", "uv": [ 11.0, 4.0, 12.0, 5.0 ] },
                "south": { "texture": "#0", "uv": [ 11.0, 4.0, 12.0, 5.0 ] },
                "west": { "texture": "#0", "uv": [ 11.0, 4.0, 12.0, 5.0 ] },
                "up": { "texture": "#0", "uv": [ 11.0, 5.0, 12.0, 6.0 ] },
                "down": { "texture": "#0", "uv": [ 12.0, 6.0, 13.0, 7.0 ] }
            }
        },
        {
            "name": "Cube",
            "from": [ 4.0, 11.0, 12.0 ], 
            "to": [ 5.0, 12.0, 13.0 ], 
            "faces": {
                "north": { "texture": "#0", "uv": [ 11.0, 5.0, 12.0, 6.0 ] },
                "east": { "texture": "#0", "uv": [ 12.0, 4.0, 13.0, 5.0 ] },
                "south": { "texture": "#0", "uv": [ 11.0, 4.0, 12.0, 5.0 ] },
                "west": { "texture": "#0", "uv": [ 11.0, 4.0, 12.0, 5.0 ] },
                "up": { "texture": "#0", "uv": [ 11.0, 4.0, 12.0, 5.0 ] },
                "down": { "texture": "#0", "uv": [ 11.0, 4.0, 12.0, 5.0 ] }
            }
        },
        {
            "name": "Cube",
            "from": [ 5.0, 12.0, 12.0 ], 
            "to": [ 6.0, 13.0, 13.0 ], 
            "faces": {
                "north": { "texture": "#0", "uv": [ 11.0, 5.0, 12.0, 6.0 ] },
                "east": { "texture": "#0", "uv": [ 11.0, 4.0, 12.0, 5.0 ] },
                "south": { "texture": "#0", "uv": [ 11.0, 4.0, 12.0, 5.0 ] },
                "west": { "texture": "#0", "uv": [ 11.0, 4.0, 12.0, 5.0 ] },
                "up": { "texture": "#0", "uv": [ 11.0, 4.0, 12.0, 5.0 ] },
                "down": { "texture": "#0", "uv": [ 11.0, 4.0, 12.0, 5.0 ] }
            }
        },
        {
            "name": "Cube",
            "from": [ 9.0, 12.0, 12.0 ], 
            "to": [ 10.0, 13.0, 13.0 ], 
            "faces": {
                "north": { "texture": "#0", "uv": [ 11.0, 5.0, 12.0, 6.0 ] },
                "east": { "texture": "#0", "uv": [ 11.0, 5.0, 12.0, 6.0 ] },
                "south": { "texture": "#0", "uv": [ 11.0, 5.0, 12.0, 6.0 ] },
                "west": { "texture": "#0", "uv": [ 11.0, 5.0, 12.0, 6.0 ] },
                "up": { "texture": "#0", "uv": [ 11.0, 5.0, 12.0, 6.0 ] },
                "down": { "texture": "#0", "uv": [ 11.0, 4.0, 12.0, 5.0 ] }
            }
        },
        {
            "name": "Cube",
            "from": [ 10.0, 11.0, 12.0 ], 
            "to": [ 11.0, 12.0, 13.0 ], 
            "faces": {
                "north": { "texture": "#0", "uv": [ 9.0, 4.0, 10.0, 5.0 ] },
                "east": { "texture": "#0", "uv": [ 11.0, 5.0, 12.0, 6.0 ] },
                "south": { "texture": "#0", "uv": [ 11.0, 4.0, 12.0, 5.0 ] },
                "west": { "texture": "#0", "uv": [ 11.0, 4.0, 12.0, 5.0 ] },
                "up": { "texture": "#0", "uv": [ 11.0, 5.0, 12.0, 6.0 ] },
                "down": { "texture": "#0", "uv": [ 13.0, 5.0, 14.0, 6.0 ] }
            }
        },
        {
            "name": "Cube",
            "from": [ 11.0, 10.0, 12.0 ], 
            "to": [ 12.0, 11.0, 13.0 ], 
            "faces": {
                "north": { "texture": "#0", "uv": [ 11.0, 5.0, 12.0, 6.0 ] },
                "east": { "texture": "#0", "uv": [ 11.0, 4.0, 12.0, 5.0 ] },
                "south": { "texture": "#0", "uv": [ 11.0, 4.0, 12.0, 5.0 ] },
                "west": { "texture": "#0", "uv": [ 11.0, 5.0, 12.0, 6.0 ] },
                "up": { "texture": "#0", "uv": [ 11.0, 5.0, 12.0, 6.0 ] },
                "down": { "texture": "#0", "uv": [ 11.0, 4.0, 12.0, 5.0 ] }
            }
        },
        {
            "name": "Cube",
            "from": [ 12.0, 9.0, 12.0 ], 
            "to": [ 13.0, 10.0, 13.0 ], 
            "faces": {
                "north": { "texture": "#0", "uv": [ 11.0, 4.0, 12.0, 5.0 ] },
                "east": { "texture": "#0", "uv": [ 12.0, 5.0, 13.0, 6.0 ] },
                "south": { "texture": "#0", "uv": [ 11.0, 5.0, 12.0, 6.0 ] },
                "west": { "texture": "#0", "uv": [ 11.0, 5.0, 12.0, 6.0 ] },
                "up": { "texture": "#0", "uv": [ 12.0, 5.0, 13.0, 6.0 ] },
                "down": { "texture": "#0", "uv": [ 11.0, 5.0, 12.0, 6.0 ] }
            }
        },
        {
            "name": "Cube",
            "from": [ 12.0, 5.0, 12.0 ], 
            "to": [ 13.0, 6.0, 13.0 ], 
            "faces": {
                "north": { "texture": "#0", "uv": [ 11.0, 4.0, 12.0, 5.0 ] },
                "east": { "texture": "#0", "uv": [ 10.0, 5.0, 11.0, 6.0 ] },
                "south": { "texture": "#0", "uv": [ 11.0, 5.0, 12.0, 6.0 ] },
                "west": { "texture": "#0", "uv": [ 11.0, 4.0, 12.0, 5.0 ] },
                "up": { "texture": "#0", "uv": [ 11.0, 4.0, 12.0, 5.0 ] },
                "down": { "texture": "#0", "uv": [ 11.0, 5.0, 12.0, 6.0 ] }
            }
        },
        {
            "name": "Cube",
            "from": [ 11.0, 4.0, 12.0 ], 
            "to": [ 12.0, 5.0, 13.0 ], 
            "faces": {
                "north": { "texture": "#0", "uv": [ 10.0, 5.0, 11.0, 6.0 ] },
                "east": { "texture": "#0", "uv": [ 11.0, 5.0, 12.0, 6.0 ] },
                "south": { "texture": "#0", "uv": [ 12.0, 8.0, 13.0, 9.0 ] },
                "west": { "texture": "#0", "uv": [ 11.0, 5.0, 12.0, 6.0 ] },
                "up": { "texture": "#0", "uv": [ 11.0, 4.0, 12.0, 5.0 ] },
                "down": { "texture": "#0", "uv": [ 11.0, 5.0, 12.0, 6.0 ] }
            }
        },
        {
            "name": "Cube",
            "from": [ 10.0, 3.0, 12.0 ], 
            "to": [ 11.0, 4.0, 13.0 ], 
            "faces": {
                "north": { "texture": "#0", "uv": [ 11.0, 4.0, 12.0, 5.0 ] },
                "east": { "texture": "#0", "uv": [ 11.0, 4.0, 12.0, 5.0 ] },
                "south": { "texture": "#0", "uv": [ 11.0, 4.0, 12.0, 5.0 ] },
                "west": { "texture": "#0", "uv": [ 11.0, 4.0, 12.0, 5.0 ] },
                "up": { "texture": "#0", "uv": [ 11.0, 5.0, 12.0, 6.0 ] },
                "down": { "texture": "#0", "uv": [ 11.0, 4.0, 12.0, 5.0 ] }
            }
        },
        {
            "name": "Cube",
            "from": [ 9.0, 2.0, 12.0 ], 
            "to": [ 10.0, 3.0, 13.0 ], 
            "faces": {
                "north": { "texture": "#0", "uv": [ 11.0, 4.0, 12.0, 5.0 ] },
                "east": { "texture": "#0", "uv": [ 11.0, 4.0, 12.0, 5.0 ] },
                "south": { "texture": "#0", "uv": [ 11.0, 4.0, 12.0, 5.0 ] },
                "west": { "texture": "#0", "uv": [ 11.0, 4.0, 12.0, 5.0 ] },
                "up": { "texture": "#0", "uv": [ 11.0, 4.0, 12.0, 5.0 ] },
                "down": { "texture": "#0", "uv": [ 11.0, 4.0, 12.0, 5.0 ] }
            }
        },
        {
            "name": "Cube",
            "from": [ 5.0, 2.0, 12.0 ], 
            "to": [ 6.0, 3.0, 13.0 ], 
            "faces": {
                "north": { "texture": "#0", "uv": [ 11.0, 5.0, 12.0, 6.0 ] },
                "east": { "texture": "#0", "uv": [ 11.0, 5.0, 12.0, 6.0 ] },
                "south": { "texture": "#0", "uv": [ 11.0, 5.0, 12.0, 6.0 ] },
                "west": { "texture": "#0", "uv": [ 11.0, 5.0, 12.0, 6.0 ] },
                "up": { "texture": "#0", "uv": [ 11.0, 5.0, 12.0, 6.0 ] },
                "down": { "texture": "#0", "uv": [ 11.0, 4.0, 12.0, 5.0 ] }
            }
        },
        {
            "name": "Cube",
            "from": [ 4.0, 3.0, 12.0 ], 
            "to": [ 5.0, 4.0, 13.0 ], 
            "faces": {
                "north": { "texture": "#0", "uv": [ 11.0, 5.0, 12.0, 6.0 ] },
                "east": { "texture": "#0", "uv": [ 11.0, 5.0, 12.0, 6.0 ] },
                "south": { "texture": "#0", "uv": [ 11.0, 5.0, 12.0, 6.0 ] },
                "west": { "texture": "#0", "uv": [ 11.0, 5.0, 12.0, 6.0 ] },
                "up": { "texture": "#0", "uv": [ 11.0, 5.0, 12.0, 6.0 ] },
                "down": { "texture": "#0", "uv": [ 11.0, 5.0, 12.0, 6.0 ] }
            }
        },
        {
            "name": "Cube",
            "from": [ 3.0, 4.0, 12.0 ], 
            "to": [ 4.0, 5.0, 13.0 ], 
            "faces": {
                "north": { "texture": "#0", "uv": [ 10.0, 5.0, 11.0, 6.0 ] },
                "east": { "texture": "#0", "uv": [ 11.0, 5.0, 12.0, 6.0 ] },
                "south": { "texture": "#0", "uv": [ 11.0, 6.0, 12.0, 7.0 ] },
                "west": { "texture": "#0", "uv": [ 11.0, 4.0, 12.0, 5.0 ] },
                "up": { "texture": "#0", "uv": [ 12.0, 5.0, 13.0, 6.0 ] },
                "down": { "texture": "#0", "uv": [ 11.0, 5.0, 12.0, 6.0 ] }
            }
        },
        {
            "name": "Cube",
            "from": [ 0.0, 0.0, 0.0 ], 
            "to": [ 15.0, 15.0, 11.0 ], 
            "faces": {
                "north": { "texture": "#0", "uv": [ 13.0, 5.0, 14.0, 6.0 ] },
                "east": { "texture": "#0", "uv": [ 13.0, 6.0, 12.0, 5.0 ] },
                "south": { "texture": "#0", "uv": [ 12.0, 6.0, 11.0, 5.0 ] },
                "west": { "texture": "#0", "uv": [ 11.0, 6.0, 12.0, 5.0 ] },
                "up": { "texture": "#0", "uv": [ 13.0, 6.0, 12.0, 7.0 ] },
                "down": { "texture": "#0", "uv": [ 11.0, 5.0, 12.0, 6.0 ] }
            }
        },
        {
            "name": "Cube",
            "from": [ 5.0, 5.0, 11.0 ], 
            "to": [ 6.0, 10.0, 12.0 ], 
            "faces": {
                "north": { "texture": "#1", "uv": [ 0.0, 2.0, 2.0, 14.0 ] },
                "east": { "texture": "#1", "uv": [ 0.0, 2.0, 2.0, 14.0 ] },
                "south": { "texture": "#1", "uv": [ 0.0, 2.0, 2.0, 14.0 ] },
                "west": { "texture": "#1", "uv": [ 0.0, 2.0, 2.0, 14.0 ] },
                "up": { "texture": "#1", "uv": [ 0.0, 2.0, 2.0, 14.0 ] },
                "down": { "texture": "#1", "uv": [ 0.0, 2.0, 2.0, 14.0 ] }
            }
        },
        {
            "name": "Cube",
            "from": [ 9.0, 5.0, 11.0 ], 
            "to": [ 10.0, 10.0, 12.0 ], 
            "faces": {
                "north": { "texture": "#1", "uv": [ 14.0, 2.0, 16.0, 14.0 ] },
                "east": { "texture": "#1", "uv": [ 14.0, 2.0, 16.0, 14.0 ] },
                "south": { "texture": "#1", "uv": [ 14.0, 2.0, 16.0, 14.0 ] },
                "west": { "texture": "#1", "uv": [ 14.0, 2.0, 16.0, 14.0 ] },
                "up": { "texture": "#1", "uv": [ 14.0, 2.0, 16.0, 14.0 ] },
                "down": { "texture": "#1", "uv": [ 14.0, 2.0, 16.0, 14.0 ] }
            }
        },
        {
            "name": "Cube",
            "from": [ 6.0, 5.0, 11.0 ], 
            "to": [ 9.0, 10.0, 12.0 ], 
            "faces": {
                "north": { "texture": "#1", "uv": [ 2.0, 2.0, 14.0, 14.0 ] },
                "east": { "texture": "#1", "uv": [ 2.0, 2.0, 14.0, 14.0 ] },
                "south": { "texture": "#1", "uv": [ 2.0, 1.0, 14.0, 15.0 ] },
                "west": { "texture": "#1", "uv": [ 2.0, 2.0, 14.0, 14.0 ] },
                "up": { "texture": "#1", "uv": [ 2.0, 2.0, 14.0, 14.0 ] },
                "down": { "texture": "#1", "uv": [ 2.0, 2.0, 14.0, 14.0 ] }
            }
        }
    ]
}