{
    "__comment": "Model generated using MrCrayfish's Model Creator (http://mrcrayfish.com/modelcreator/)",
    "textures": {
        "0": "lucky:blocks/rainbow.squidzooka"
    },
    "elements": [
        {
            "name": "Cube",
            "from": [ 4.5, 5.5, -8.5 ], 
            "to": [ 10.5, 11.5, -2.0 ], 
            "faces": {
                "north": { "texture": "#0", "uv": [ 12.0, 13.0, 14.0, 14.0 ] },
                "east": { "texture": "#0", "uv": [ 12.0, 14.0, 13.5, 15.0 ] },
                "south": { "texture": "#0", "uv": [ 12.0, 13.0, 14.0, 14.0 ] },
                "west": { "texture": "#0", "uv": [ 13.0, 13.0, 14.5, 14.0 ] },
                "up": { "texture": "#0", "uv": [ 13.0, 12.0, 15.0, 13.5 ] },
                "down": { "texture": "#0", "uv": [ 13.0, 12.0, 14.0, 13.5 ] }
            }
        },
        {
            "name": "Cube",
            "from": [ 6.0, 7.0, -10.0 ], 
            "to": [ 9.0, 10.0, -0.5 ], 
            "faces": {
                "north": { "texture": "#0", "uv": [ 15.0, 15.0, 16.0, 16.0 ] },
                "east": { "texture": "#0", "uv": [ 15.0, 15.0, 15.5, 16.0 ] },
                "south": { "texture": "#0", "uv": [ 15.0, 16.0, 16.0, 15.0 ] },
                "west": { "texture": "#0", "uv": [ 15.0, 15.0, 15.5, 16.0 ] },
                "up": { "texture": "#0", "uv": [ 15.0, 15.0, 16.0, 15.5 ] },
                "down": { "texture": "#0", "uv": [ 15.0, 15.0, 16.0, 15.5 ] }
            }
        },
        {
            "name": "Cube",
            "from": [ 5.5, 6.5, -9.5 ], 
            "to": [ 9.5, 10.5, -1.0 ], 
            "faces": {
                "north": { "texture": "#0", "uv": [ 14.0, 14.0, 15.0, 15.0 ] },
                "east": { "texture": "#0", "uv": [ 14.0, 14.0, 14.5, 15.0 ] },
                "south": { "texture": "#0", "uv": [ 12.0, 12.0, 13.0, 13.0 ] },
                "west": { "texture": "#0", "uv": [ 11.0, 12.0, 12.5, 13.0 ] },
                "up": { "texture": "#0", "uv": [ 11.0, 12.0, 12.0, 12.5 ] },
                "down": { "texture": "#0", "uv": [ 12.0, 12.0, 13.0, 12.5 ] }
            }
        },
        {
            "name": "Cube",
            "from": [ 5.0, 6.0, -9.0 ], 
            "to": [ 10.0, 11.0, -1.5 ], 
            "faces": {
                "north": { "texture": "#0", "uv": [ 12.0, 11.0, 13.0, 12.0 ] },
                "east": { "texture": "#0", "uv": [ 11.0, 12.0, 12.5, 13.0 ] },
                "south": { "texture": "#0", "uv": [ 12.0, 12.0, 13.0, 13.0 ] },
                "west": { "texture": "#0", "uv": [ 12.0, 11.0, 12.5, 12.0 ] },
                "up": { "texture": "#0", "uv": [ 12.0, 11.0, 13.0, 12.5 ] },
                "down": { "texture": "#0", "uv": [ 14.0, 12.0, 15.0, 12.5 ] }
            }
        },
        {
            "name": "Cube",
            "from": [ 7.0, 8.0, -0.5 ], 
            "to": [ 8.0, 9.0, 19.5 ], 
            "faces": {
                "north": { "texture": "#0", "uv": [ 3.0, 3.0, 4.0, 4.0 ] },
                "east": { "texture": "#0", "uv": [ 4.0, 4.0, 5.0, 5.0 ] },
                "south": { "texture": "#0", "uv": [ 4.0, 4.0, 5.0, 5.0 ] },
                "west": { "texture": "#0", "uv": [ 4.0, 5.0, 5.0, 4.0 ] },
                "up": { "texture": "#0", "uv": [ 5.0, 4.0, 4.0, 5.0 ] },
                "down": { "texture": "#0", "uv": [ 3.0, 3.0, 4.0, 4.0 ] }
            }
        },
        {
            "name": "Cube",
            "from": [ 7.25, 8.5, 16.5 ], 
            "to": [ 7.75, 10.0, 18.0 ], 
            "faces": {
                "north": { "texture": "#0", "uv": [ 4.0, 3.0, 4.5, 3.5 ] },
                "east": { "texture": "#0", "uv": [ 4.0, 3.0, 4.5, 3.5 ] },
                "south": { "texture": "#0", "uv": [ 4.0, 3.0, 4.5, 3.5 ] },
                "west": { "texture": "#0", "uv": [ 4.0, 3.0, 4.5, 3.5 ] },
                "up": { "texture": "#0", "uv": [ 4.0, 3.0, 4.5, 3.5 ] },
                "down": { "texture": "#0", "uv": [ 4.0, 3.0, 4.5, 3.5 ] }
            }
        },
        {
            "name": "Cube",
            "from": [ 7.25, 4.5, 10.5 ], 
            "to": [ 7.75, 8.0, 11.0 ], 
            "faces": {
                "north": { "texture": "#0", "uv": [ 4.0, 3.0, 4.5, 3.5 ] },
                "east": { "texture": "#0", "uv": [ 4.0, 3.0, 4.5, 3.5 ] },
                "south": { "texture": "#0", "uv": [ 4.0, 3.0, 4.5, 3.5 ] },
                "west": { "texture": "#0", "uv": [ 4.0, 3.0, 4.5, 3.5 ] },
                "up": { "texture": "#0", "uv": [ 4.0, 3.0, 4.5, 3.5 ] },
                "down": { "texture": "#0", "uv": [ 4.0, 3.0, 4.5, 3.5 ] }
            }
        },
        {
            "name": "Cube",
            "from": [ 7.0, 10.0, 16.0 ], 
            "to": [ 8.0, 11.0, 19.0 ], 
            "faces": {
                "north": { "texture": "#0", "uv": [ 7.0, 4.0, 8.0, 5.0 ] },
                "east": { "texture": "#0", "uv": [ 5.0, 2.0, 6.0, 3.0 ] },
                "south": { "texture": "#0", "uv": [ 1.0, 7.0, 2.0, 8.0 ] },
                "west": { "texture": "#0", "uv": [ 3.0, 3.0, 4.0, 4.0 ] },
                "up": { "texture": "#0", "uv": [ 3.0, 3.0, 4.0, 4.0 ] },
                "down": { "texture": "#0", "uv": [ 3.0, 3.0, 4.0, 4.0 ] }
            }
        },
        {
            "name": "Cube",
            "from": [ 7.0, 8.0, 24.5 ], 
            "to": [ 8.0, 9.0, 25.5 ], 
            "faces": {
                "north": { "texture": "#0", "uv": [ 4.0, 4.0, 5.0, 5.0 ] },
                "east": { "texture": "#0", "uv": [ 4.0, 4.0, 5.0, 5.0 ] },
                "south": { "texture": "#0", "uv": [ 11.0, 5.0, 12.0, 4.0 ] },
                "west": { "texture": "#0", "uv": [ 3.0, 3.0, 3.0, 3.0 ] },
                "up": { "texture": "#0", "uv": [ 3.0, 3.0, 4.0, 4.0 ] },
                "down": { "texture": "#0", "uv": [ 3.0, 3.0, 4.0, 4.0 ] }
            }
        },
        {
            "name": "Cube",
            "from": [ 7.0, 8.0, 19.5 ], 
            "to": [ 8.0, 9.0, 20.5 ], 
            "faces": {
                "north": { "texture": "#0", "uv": [ 0.0, 0.0, 1.0, 1.0 ] },
                "east": { "texture": "#0", "uv": [ 0.0, 0.0, 1.0, 1.0 ] },
                "south": { "texture": "#0", "uv": [ 0.0, 0.0, 1.0, 1.0 ] },
                "west": { "texture": "#0", "uv": [ 0.0, 0.0, 1.0, 1.0 ] },
                "up": { "texture": "#0", "uv": [ 0.0, 0.0, 1.0, 1.0 ] },
                "down": { "texture": "#0", "uv": [ 0.0, 0.0, 1.0, 1.0 ] }
            }
        },
        {
            "name": "Cube",
            "from": [ 7.0, 8.0, 20.5 ], 
            "to": [ 8.0, 9.0, 21.5 ], 
            "faces": {
                "north": { "texture": "#0", "uv": [ 3.0, 3.0, 4.0, 4.0 ] },
                "east": { "texture": "#0", "uv": [ 3.0, 3.0, 4.0, 4.0 ] },
                "south": { "texture": "#0", "uv": [ 3.0, 3.0, 4.0, 4.0 ] },
                "west": { "texture": "#0", "uv": [ 3.0, 3.0, 4.0, 4.0 ] },
                "up": { "texture": "#0", "uv": [ 3.0, 3.0, 4.0, 4.0 ] },
                "down": { "texture": "#0", "uv": [ 3.0, 3.0, 4.0, 4.0 ] }
            }
        },
        {
            "name": "Cube",
            "from": [ 7.0, 8.0, 21.5 ], 
            "to": [ 8.0, 9.0, 22.5 ], 
            "faces": {
                "north": { "texture": "#0", "uv": [ 0.0, 0.0, 1.0, 1.0 ] },
                "east": { "texture": "#0", "uv": [ 0.0, 0.0, 1.0, 1.0 ] },
                "south": { "texture": "#0", "uv": [ 5.0, 3.0, 6.0, 4.0 ] },
                "west": { "texture": "#0", "uv": [ 0.0, 0.0, 1.0, 1.0 ] },
                "up": { "texture": "#0", "uv": [ 0.0, 0.0, 1.0, 1.0 ] },
                "down": { "texture": "#0", "uv": [ 0.0, 0.0, 1.0, 1.0 ] }
            }
        },
        {
            "name": "Cube",
            "from": [ 7.0, 8.0, 22.5 ], 
            "to": [ 8.0, 9.0, 23.5 ], 
            "faces": {
                "north": { "texture": "#0", "uv": [ 3.0, 3.0, 4.0, 4.0 ] },
                "east": { "texture": "#0", "uv": [ 3.0, 3.0, 4.0, 4.0 ] },
                "south": { "texture": "#0", "uv": [ 0.0, 0.0, 1.0, 1.0 ] },
                "west": { "texture": "#0", "uv": [ 3.0, 3.0, 4.0, 4.0 ] },
                "up": { "texture": "#0", "uv": [ 3.0, 3.0, 4.0, 4.0 ] },
                "down": { "texture": "#0", "uv": [ 3.0, 3.0, 4.0, 4.0 ] }
            }
        },
        {
            "name": "Cube",
            "from": [ 7.0, 8.0, 23.5 ], 
            "to": [ 8.0, 9.0, 24.5 ], 
            "faces": {
                "north": { "texture": "#0", "uv": [ 0.0, 0.0, 1.0, 1.0 ] },
                "east": { "texture": "#0", "uv": [ 0.0, 0.0, 1.0, 1.0 ] },
                "south": { "texture": "#0", "uv": [ 0.0, 0.0, 1.0, 1.0 ] },
                "west": { "texture": "#0", "uv": [ 0.0, 0.0, 1.0, 1.0 ] },
                "up": { "texture": "#0", "uv": [ 0.0, 0.0, 1.0, 1.0 ] },
                "down": { "texture": "#0", "uv": [ 0.0, 0.0, 1.0, 1.0 ] }
            }
        }
    ],
    "display": {
        "thirdperson": {
            "rotation": [ -80, 180, 180 ],
            "translation": [ 0, -5, 1 ],
            "scale": [ 3, 3, 3 ]
        },
        "firstperson": {
            "rotation": [ -20, 140, -5 ],
            "translation": [ 4, 4, -10 ],
            "scale": [ 5, 5, 5 ]
        }
    }
}