{
	"__comment": "Made with MC Model Maker for Minecraft versions 14w26a+",
	"ambientocclusion": true,
	"textures": {
		"Widder": "lootplusplus:items/wither",
		"TableSide": "blocks/crafting_table_side",
		"TableTop": "blocks/crafting_table_top",
		"TableBottom": "blocks/planks_oak",
		"particle": "blocks/crafting_table_front"
	},
    	"display": {
        "firstperson": {
              "rotation": [ 0, 0, 0 ],
            "translation": [ 0, 7, 2 ],
            "scale": [ 1.7, 1.7, 1.7 ]
        },
     	 "thirdperson": {
            "rotation": [ -90, 0, 0 ],
            "translation": [ 2.5, -6, 0 ],
            "scale": [ 7, 7, 7 ]
        },
        "gui": {
            "rotation": [ 0, 0, 0 ],
            "translation": [ 0, 0, 0 ],
            "scale": [ 1.4, 1.4, 1.4 ]
        }
},

	"elements": [
		{
			"from": [ 8, -4, 8 ],
			"to": [ 9, 2, 9 ],
			"faces": {
				"north": { "uv": [ 1, 1, 2, 2 ], "texture": "#Widder", "cullface": true },
				"south": { "uv": [ 0, 0, 1, 2 ], "texture": "#Widder", "cullface": true },
				"east": { "uv": [ 0, 0, 1, 3 ], "texture": "#Widder", "cullface": true },
				"west": { "uv": [ 0, 0, 2, 3 ], "texture": "#Widder", "cullface": true },
				"up": { "uv": [ 0, 0, 3, 3 ], "texture": "#Widder", "cullface": true },
				"down": { "uv": [ 0, 0, 5, 5 ], "texture": "#Widder", "cullface": true }
			}
		},
		{
			"from": [ 7, 2, 7 ],
			"to": [ 10, 5, 10 ],
			"faces": {
				"north": { "uv": [ 0, 0, 0, 0 ], "texture": "#Widder", "cullface": false },
				"south": { "uv": [ 0, 0, 0, 0 ], "texture": "#Widder", "cullface": false },
				"east": { "uv": [ 0, 0, 0, 0 ], "texture": "#Widder", "cullface": false },
				"west": { "uv": [ 0, 0, 0, 0 ], "texture": "#Widder", "cullface": false },
				"up": { "uv": [ 0, 0, 0, 0 ], "texture": "#Widder", "cullface": false },
				"down": { "uv": [ 0, 0, 0, 0 ], "texture": "#Widder", "cullface": false }
			}
		},
		{
			"from": [ 8, 0, 7 ],
			"to": [ 9, 2, 10 ],
			"faces": {
				"north": { "uv": [ 0, 0, 0, 0 ], "texture": "#Widder", "cullface": false },
				"south": { "uv": [ 0, 0, 0, 0 ], "texture": "#Widder", "cullface": false },
				"east": { "uv": [ 0, 0, 0, 0 ], "texture": "#Widder", "cullface": false },
				"west": { "uv": [ 0, 0, 0, 0 ], "texture": "#Widder", "cullface": false },
				"up": { "uv": [ 0, 0, 0, 0 ], "texture": "#Widder", "cullface": false },
				"down": { "uv": [ 0, 0, 0, 0 ], "texture": "#Widder", "cullface": false }
			}
		},
		{
			"from": [ 7, 0, 8 ],
			"to": [ 10, 2, 9 ],
			"faces": {
				"north": { "uv": [ 0, 0, 0, 0 ], "texture": "#Widder", "cullface": false },
				"south": { "uv": [ 0, 0, 0, 0 ], "texture": "#Widder", "cullface": false },
				"east": { "uv": [ 0, 0, 0, 0 ], "texture": "#Widder", "cullface": false },
				"west": { "uv": [ 0, 0, 0, 0 ], "texture": "#Widder", "cullface": false },
				"up": { "uv": [ 0, 0, 0, 0 ], "texture": "#Widder", "cullface": false },
				"down": { "uv": [ 0, 0, 0, 0 ], "texture": "#Widder", "cullface": false }
			}
		},
		{
			"from": [ 6, 5, 6 ],
			"to": [ 11, 8, 11 ],
			"faces": {
				"north": { "uv": [ 0, 0, 0, 0 ], "texture": "#Widder", "cullface": false },
				"south": { "uv": [ 0, 0, 0, 0 ], "texture": "#Widder", "cullface": false },
				"east": { "uv": [ 0, 0, 0, 0 ], "texture": "#Widder", "cullface": false },
				"west": { "uv": [ 0, 0, 0, 0 ], "texture": "#Widder", "cullface": false },
				"up": { "uv": [ 0, 0, 0, 0 ], "texture": "#Widder", "cullface": false },
				"down": { "uv": [ 0, 0, 0, 0 ], "texture": "#Widder", "cullface": false }
			}
		},
		{
			"from": [ 7, 3, 6 ],
			"to": [ 10, 5, 11 ],
			"faces": {
				"north": { "uv": [ 0, 0, 0, 0 ], "texture": "#Widder", "cullface": false },
				"south": { "uv": [ 0, 0, 0, 0 ], "texture": "#Widder", "cullface": false },
				"east": { "uv": [ 0, 0, 0, 0 ], "texture": "#Widder", "cullface": false },
				"west": { "uv": [ 0, 0, 0, 0 ], "texture": "#Widder", "cullface": false },
				"up": { "uv": [ 0, 0, 0, 0 ], "texture": "#Widder", "cullface": false },
				"down": { "uv": [ 0, 0, 0, 0 ], "texture": "#Widder", "cullface": false }
			}
		},
		{
			"from": [ 6, 3, 7 ],
			"to": [ 11, 5, 10 ],
			"faces": {
				"north": { "uv": [ 0, 0, 0, 0 ], "texture": "#Widder", "cullface": false },
				"south": { "uv": [ 0, 0, 0, 0 ], "texture": "#Widder", "cullface": false },
				"east": { "uv": [ 0, 0, 0, 0 ], "texture": "#Widder", "cullface": false },
				"west": { "uv": [ 0, 0, 0, 0 ], "texture": "#Widder", "cullface": false },
				"up": { "uv": [ 0, 0, 0, 0 ], "texture": "#Widder", "cullface": false },
				"down": { "uv": [ 0, 0, 0, 0 ], "texture": "#Widder", "cullface": false }
			}
		},
		{
			"from": [ 7, 9, 10 ],
			"to": [ 10, 10, 13 ],
			"faces": {
				"north": { "uv": [ 0, 0, 0, 0 ], "texture": "#Widder", "cullface": false },
				"south": { "uv": [ 9, 0, 12, 1 ], "texture": "#Widder", "cullface": false },
				"east": { "uv": [ 0, 0, 0, 0 ], "texture": "#Widder", "cullface": false },
				"west": { "uv": [ 0, 0, 0, 0 ], "texture": "#Widder", "cullface": false },
				"up": { "uv": [ 0, 0, 0, 0 ], "texture": "#Widder", "cullface": false },
				"down": { "uv": [ 0, 0, 0, 0 ], "texture": "#Widder", "cullface": false }
			}
		},
		{
			"from": [ 7, 8, 10 ],
			"to": [ 10, 9, 11 ],
			"faces": {
				"north": { "uv": [ 0, 0, 0, 0 ], "texture": "#Widder", "cullface": false },
				"south": { "uv": [ 0, 0, 0, 0 ], "texture": "#Widder", "cullface": false },
				"east": { "uv": [ 0, 0, 0, 0 ], "texture": "#Widder", "cullface": false },
				"west": { "uv": [ 0, 0, 0, 0 ], "texture": "#Widder", "cullface": false },
				"up": { "uv": [ 0, 0, 0, 0 ], "texture": "#Widder", "cullface": false },
				"down": { "uv": [ 0, 0, 0, 0 ], "texture": "#Widder", "cullface": false }
			}
		},
		{
			"from": [ 7, 7, 11 ],
			"to": [ 10, 8, 13 ],
			"faces": {
				"north": { "uv": [ 0, 0, 0, 0 ], "texture": "#Widder", "cullface": false },
				"south": { "uv": [ 0, 0, 0, 0 ], "texture": "#Widder", "cullface": false },
				"east": { "uv": [ 0, 0, 0, 0 ], "texture": "#Widder", "cullface": false },
				"west": { "uv": [ 0, 0, 0, 0 ], "texture": "#Widder", "cullface": false },
				"up": { "uv": [ 0, 0, 0, 0 ], "texture": "#Widder", "cullface": false },
				"down": { "uv": [ 0, 0, 0, 0 ], "texture": "#Widder", "cullface": false }
			}
		},
		{
			"from": [ 7.25, 8, 12.25 ],
			"to": [ 7.75, 8.5, 12.75 ],
			"faces": {
				"north": { "uv": [ 3, 8, 4, 9 ], "texture": "#Widder", "cullface": false },
				"south": { "uv": [ 1, 8, 2, 9 ], "texture": "#Widder", "cullface": false },
				"east": { "uv": [ 1, 8, 2, 9 ], "texture": "#Widder", "cullface": false },
				"west": { "uv": [ 3, 9, 4, 10 ], "texture": "#Widder", "cullface": false },
				"up": { "uv": [ 4, 9, 5, 10 ], "texture": "#Widder", "cullface": false },
				"down": { "uv": [ 0, 0, 0, 0 ], "texture": "#Widder", "cullface": false }
			}
		},
		{
			"from": [ 9.25, 8, 12.25 ],
			"to": [ 9.75, 8.5, 12.75 ],
			"faces": {
				"north": { "uv": [ 3, 8, 4, 9 ], "texture": "#Widder", "cullface": false },
				"south": { "uv": [ 2, 7, 3, 8 ], "texture": "#Widder", "cullface": false },
				"east": { "uv": [ 2, 8, 3, 9 ], "texture": "#Widder", "cullface": false },
				"west": { "uv": [ 2, 8, 3, 9 ], "texture": "#Widder", "cullface": false },
				"up": { "uv": [ 3, 8, 4, 9 ], "texture": "#Widder", "cullface": false },
				"down": { "uv": [ 0, 0, 0, 0 ], "texture": "#Widder", "cullface": false }
			}
		},
		{
			"from": [ 8.25, 8, 12.25 ],
			"to": [ 8.75, 8.5, 12.75 ],
			"faces": {
				"north": { "uv": [ 3, 8, 4, 9 ], "texture": "#Widder", "cullface": false },
				"south": { "uv": [ 2, 8, 3, 9 ], "texture": "#Widder", "cullface": false },
				"east": { "uv": [ 4, 9, 5, 10 ], "texture": "#Widder", "cullface": false },
				"west": { "uv": [ 3, 9, 4, 10 ], "texture": "#Widder", "cullface": false },
				"up": { "uv": [ 3, 9, 4, 10 ], "texture": "#Widder", "cullface": false },
				"down": { "uv": [ 0, 0, 0, 0 ], "texture": "#Widder", "cullface": false }
			}
		},
		{
			"from": [ 9.25, 8, 11.25 ],
			"to": [ 9.75, 9, 11.75 ],
			"faces": {
				"north": { "uv": [ 4, 8, 5, 9 ], "texture": "#Widder", "cullface": false },
				"south": { "uv": [ 3, 7, 4, 8 ], "texture": "#Widder", "cullface": false },
				"east": { "uv": [ 4, 8, 5, 9 ], "texture": "#Widder", "cullface": false },
				"west": { "uv": [ 3, 9, 4, 10 ], "texture": "#Widder", "cullface": false },
				"up": { "uv": [ 3, 10, 4, 11 ], "texture": "#Widder", "cullface": false },
				"down": { "uv": [ 0, 0, 0, 0 ], "texture": "#Widder", "cullface": false }
			}
		},
		{
			"from": [ 8.25, 8, 11.25 ],
			"to": [ 8.75, 9, 11.75 ],
			"faces": {
				"north": { "uv": [ 0, 0, 0, 0 ], "texture": "#Widder", "cullface": false },
				"south": { "uv": [ 0, 0, 0, 0 ], "texture": "#Widder", "cullface": false },
				"east": { "uv": [ 0, 0, 0, 0 ], "texture": "#Widder", "cullface": false },
				"west": { "uv": [ 0, 0, 0, 0 ], "texture": "#Widder", "cullface": false },
				"up": { "uv": [ 0, 0, 0, 0 ], "texture": "#Widder", "cullface": false },
				"down": { "uv": [ 0, 0, 0, 0 ], "texture": "#Widder", "cullface": false }
			}
		},
		{
			"from": [ 3, 7, 7 ],
			"to": [ 6, 8, 10 ],
			"faces": {
				"north": { "uv": [ 1, 3, 2, 4 ], "texture": "#Widder", "cullface": false },
				"south": { "uv": [ 9, 0, 12, 1 ], "texture": "#Widder", "cullface": false },
				"east": { "uv": [ 0, 0, 0, 0 ], "texture": "#Widder", "cullface": false },
				"west": { "uv": [ 0, 0, 0, 0 ], "texture": "#Widder", "cullface": false },
				"up": { "uv": [ 0, 0, 0, 0 ], "texture": "#Widder", "cullface": false },
				"down": { "uv": [ 0, 0, 0, 0 ], "texture": "#Widder", "cullface": false }
			}
		},
		{
			"from": [ 3, 6, 7 ],
			"to": [ 6, 7, 8 ],
			"faces": {
				"north": { "uv": [ 0, 0, 0, 0 ], "texture": "#Widder", "cullface": false },
				"south": { "uv": [ 0, 0, 0, 0 ], "texture": "#Widder", "cullface": false },
				"east": { "uv": [ 0, 0, 0, 0 ], "texture": "#Widder", "cullface": false },
				"west": { "uv": [ 0, 0, 0, 0 ], "texture": "#Widder", "cullface": false },
				"up": { "uv": [ 0, 0, 0, 0 ], "texture": "#Widder", "cullface": false },
				"down": { "uv": [ 0, 0, 0, 0 ], "texture": "#Widder", "cullface": false }
			}
		},
		{
			"from": [ 3, 5, 8 ],
			"to": [ 6, 6, 10 ],
			"faces": {
				"north": { "uv": [ 0, 0, 0, 0 ], "texture": "#Widder", "cullface": false },
				"south": { "uv": [ 0, 0, 0, 0 ], "texture": "#Widder", "cullface": false },
				"east": { "uv": [ 0, 0, 0, 0 ], "texture": "#Widder", "cullface": false },
				"west": { "uv": [ 0, 0, 0, 0 ], "texture": "#Widder", "cullface": false },
				"up": { "uv": [ 0, 0, 0, 0 ], "texture": "#Widder", "cullface": false },
				"down": { "uv": [ 0, 0, 0, 0 ], "texture": "#Widder", "cullface": false }
			}
		},
		{
			"from": [ 3.25, 6, 8.25 ],
			"to": [ 3.75, 6.5, 8.75 ],
			"faces": {
				"north": { "uv": [ 2, 8, 3, 9 ], "texture": "#Widder", "cullface": false },
				"south": { "uv": [ 3, 7, 4, 8 ], "texture": "#Widder", "cullface": false },
				"east": { "uv": [ 2, 9, 3, 10 ], "texture": "#Widder", "cullface": false },
				"west": { "uv": [ 1, 9, 2, 10 ], "texture": "#Widder", "cullface": false },
				"up": { "uv": [ 2, 10, 3, 11 ], "texture": "#Widder", "cullface": false },
				"down": { "uv": [ 0, 0, 0, 0 ], "texture": "#Widder", "cullface": false }
			}
		},
		{
			"from": [ 3.25, 6, 9.25 ],
			"to": [ 3.75, 6.5, 9.75 ],
			"faces": {
				"north": { "uv": [ 2, 8, 3, 9 ], "texture": "#Widder", "cullface": false },
				"south": { "uv": [ 3, 8, 4, 9 ], "texture": "#Widder", "cullface": false },
				"east": { "uv": [ 4, 8, 5, 9 ], "texture": "#Widder", "cullface": false },
				"west": { "uv": [ 1, 9, 2, 10 ], "texture": "#Widder", "cullface": false },
				"up": { "uv": [ 4, 8, 5, 9 ], "texture": "#Widder", "cullface": false },
				"down": { "uv": [ 0, 0, 0, 0 ], "texture": "#Widder", "cullface": false }
			}
		},
		{
			"from": [ 4.25, 6, 9.25 ],
			"to": [ 4.75, 6.5, 9.75 ],
			"faces": {
				"north": { "uv": [ 4, 8, 5, 9 ], "texture": "#Widder", "cullface": false },
				"south": { "uv": [ 4, 8, 5, 9 ], "texture": "#Widder", "cullface": false },
				"east": { "uv": [ 3, 8, 4, 9 ], "texture": "#Widder", "cullface": false },
				"west": { "uv": [ 3, 8, 4, 9 ], "texture": "#Widder", "cullface": false },
				"up": { "uv": [ 1, 7, 2, 8 ], "texture": "#Widder", "cullface": false },
				"down": { "uv": [ 0, 0, 0, 0 ], "texture": "#Widder", "cullface": false }
			}
		},
		{
			"from": [ 5.25, 6, 9.25 ],
			"to": [ 5.75, 6.5, 9.75 ],
			"faces": {
				"north": { "uv": [ 4, 7, 5, 8 ], "texture": "#Widder", "cullface": false },
				"south": { "uv": [ 3, 8, 4, 9 ], "texture": "#Widder", "cullface": false },
				"east": { "uv": [ 1, 7, 2, 8 ], "texture": "#Widder", "cullface": false },
				"west": { "uv": [ 0, 7, 1, 8 ], "texture": "#Widder", "cullface": false },
				"up": { "uv": [ 0, 7, 1, 8 ], "texture": "#Widder", "cullface": false },
				"down": { "uv": [ 0, 0, 0, 0 ], "texture": "#Widder", "cullface": false }
			}
		},
		{
			"from": [ 5.25, 6, 8.25 ],
			"to": [ 5.75, 6.5, 8.75 ],
			"faces": {
				"north": { "uv": [ 2, 7, 3, 9 ], "texture": "#Widder", "cullface": false },
				"south": { "uv": [ 4, 7, 5, 8 ], "texture": "#Widder", "cullface": false },
				"east": { "uv": [ 1, 8, 2, 9 ], "texture": "#Widder", "cullface": false },
				"west": { "uv": [ 4, 7, 5, 8 ], "texture": "#Widder", "cullface": false },
				"up": { "uv": [ 5, 8, 6, 9 ], "texture": "#Widder", "cullface": false },
				"down": { "uv": [ 0, 0, 0, 0 ], "texture": "#Widder", "cullface": false }
			}
		},
		{
			"from": [ 7, 8, 7 ],
			"to": [ 10, 10, 10 ],
			"faces": {
				"north": { "uv": [ 0, 0, 0, 0 ], "texture": "#Widder", "cullface": false },
				"south": { "uv": [ 0, 0, 0, 0 ], "texture": "#Widder", "cullface": false },
				"east": { "uv": [ 0, 0, 0, 0 ], "texture": "#Widder", "cullface": false },
				"west": { "uv": [ 0, 0, 0, 0 ], "texture": "#Widder", "cullface": false },
				"up": { "uv": [ 0, 0, 0, 0 ], "texture": "#Widder", "cullface": false },
				"down": { "uv": [ 0, 0, 0, 0 ], "texture": "#Widder", "cullface": false }
			}
		},
		{
			"from": [ 7, 8, 6 ],
			"to": [ 10, 9, 11 ],
			"faces": {
				"north": { "uv": [ 0, 0, 0, 0 ], "texture": "#Widder", "cullface": false },
				"south": { "uv": [ 0, 0, 0, 0 ], "texture": "#Widder", "cullface": false },
				"east": { "uv": [ 0, 0, 0, 0 ], "texture": "#Widder", "cullface": false },
				"west": { "uv": [ 0, 0, 0, 0 ], "texture": "#Widder", "cullface": false },
				"up": { "uv": [ 0, 0, 0, 0 ], "texture": "#Widder", "cullface": false },
				"down": { "uv": [ 0, 0, 0, 0 ], "texture": "#Widder", "cullface": false }
			}
		},
		{
			"from": [ 6, 8, 7 ],
			"to": [ 11, 9, 10 ],
			"faces": {
				"north": { "uv": [ 0, 0, 0, 0 ], "texture": "#Widder", "cullface": false },
				"south": { "uv": [ 0, 0, 0, 0 ], "texture": "#Widder", "cullface": false },
				"east": { "uv": [ 0, 0, 0, 0 ], "texture": "#Widder", "cullface": false },
				"west": { "uv": [ 0, 0, 0, 0 ], "texture": "#Widder", "cullface": false },
				"up": { "uv": [ 0, 0, 0, 0 ], "texture": "#Widder", "cullface": false },
				"down": { "uv": [ 0, 0, 0, 0 ], "texture": "#Widder", "cullface": false }
			}
		},
		{
			"from": [ 11, 7, 8 ],
			"to": [ 14, 8, 11 ],
			"faces": {
				"north": { "uv": [ 0, 0, 0, 0 ], "texture": "#Widder", "cullface": false },
				"south": { "uv": [ 9, 0, 12, 1 ], "texture": "#Widder", "cullface": false },
				"east": { "uv": [ 0, 0, 0, 0 ], "texture": "#Widder", "cullface": false },
				"west": { "uv": [ 0, 0, 0, 0 ], "texture": "#Widder", "cullface": false },
				"up": { "uv": [ 0, 0, 0, 0 ], "texture": "#Widder", "cullface": false },
				"down": { "uv": [ 0, 0, 0, 0 ], "texture": "#Widder", "cullface": false }
			}
		},
		{
			"from": [ 11, 6, 8 ],
			"to": [ 14, 7, 9 ],
			"faces": {
				"north": { "uv": [ 0, 0, 0, 0 ], "texture": "#Widder", "cullface": false },
				"south": { "uv": [ 0, 0, 0, 0 ], "texture": "#Widder", "cullface": false },
				"east": { "uv": [ 0, 0, 0, 0 ], "texture": "#Widder", "cullface": false },
				"west": { "uv": [ 0, 0, 0, 0 ], "texture": "#Widder", "cullface": false },
				"up": { "uv": [ 0, 0, 0, 0 ], "texture": "#Widder", "cullface": false },
				"down": { "uv": [ 0, 0, 0, 0 ], "texture": "#Widder", "cullface": false }
			}
		},
		{
			"from": [ 11, 5, 9 ],
			"to": [ 14, 6, 11 ],
			"faces": {
				"north": { "uv": [ 0, 0, 0, 0 ], "texture": "#Widder", "cullface": false },
				"south": { "uv": [ 0, 0, 0, 0 ], "texture": "#Widder", "cullface": false },
				"east": { "uv": [ 0, 0, 0, 0 ], "texture": "#Widder", "cullface": false },
				"west": { "uv": [ 0, 0, 0, 0 ], "texture": "#Widder", "cullface": false },
				"up": { "uv": [ 0, 0, 0, 0 ], "texture": "#Widder", "cullface": false },
				"down": { "uv": [ 0, 0, 0, 0 ], "texture": "#Widder", "cullface": false }
			}
		},
		{
			"from": [ 11.25, 6, 9.25 ],
			"to": [ 11.75, 6.5, 9.75 ],
			"faces": {
				"north": { "uv": [ 2, 9, 3, 10 ], "texture": "#Widder", "cullface": false },
				"south": { "uv": [ 1, 10, 2, 11 ], "texture": "#Widder", "cullface": false },
				"east": { "uv": [ 4, 9, 5, 10 ], "texture": "#Widder", "cullface": false },
				"west": { "uv": [ 4, 9, 5, 10 ], "texture": "#Widder", "cullface": false },
				"up": { "uv": [ 4, 9, 5, 10 ], "texture": "#Widder", "cullface": false },
				"down": { "uv": [ 0, 0, 0, 0 ], "texture": "#Widder", "cullface": false }
			}
		},
		{
			"from": [ 11.25, 6, 10.25 ],
			"to": [ 11.75, 6.5, 10.75 ],
			"faces": {
				"north": { "uv": [ 4, 9, 5, 10 ], "texture": "#Widder", "cullface": false },
				"south": { "uv": [ 4, 8, 5, 9 ], "texture": "#Widder", "cullface": false },
				"east": { "uv": [ 2, 7, 3, 8 ], "texture": "#Widder", "cullface": false },
				"west": { "uv": [ 1, 8, 2, 9 ], "texture": "#Widder", "cullface": false },
				"up": { "uv": [ 0, 8, 1, 9 ], "texture": "#Widder", "cullface": false },
				"down": { "uv": [ 0, 0, 0, 0 ], "texture": "#Widder", "cullface": false }
			}
		},
		{
			"from": [ 12.25, 6, 10.25 ],
			"to": [ 12.75, 6.5, 10.75 ],
			"faces": {
				"north": { "uv": [ 2, 7, 3, 8 ], "texture": "#Widder", "cullface": false },
				"south": { "uv": [ 3, 7, 4, 8 ], "texture": "#Widder", "cullface": false },
				"east": { "uv": [ 1, 7, 2, 8 ], "texture": "#Widder", "cullface": false },
				"west": { "uv": [ 4, 9, 5, 10 ], "texture": "#Widder", "cullface": false },
				"up": { "uv": [ 3, 10, 4, 11 ], "texture": "#Widder", "cullface": false },
				"down": { "uv": [ 0, 0, 0, 0 ], "texture": "#Widder", "cullface": false }
			}
		},
		{
			"from": [ 13.25, 6, 10.25 ],
			"to": [ 13.75, 6.5, 10.75 ],
			"faces": {
				"north": { "uv": [ 4, 8, 5, 9 ], "texture": "#Widder", "cullface": false },
				"south": { "uv": [ 4, 8, 5, 9 ], "texture": "#Widder", "cullface": false },
				"east": { "uv": [ 4, 9, 5, 10 ], "texture": "#Widder", "cullface": false },
				"west": { "uv": [ 2, 8, 3, 9 ], "texture": "#Widder", "cullface": false },
				"up": { "uv": [ 2, 8, 3, 9 ], "texture": "#Widder", "cullface": false },
				"down": { "uv": [ 0, 0, 0, 0 ], "texture": "#Widder", "cullface": false }
			}
		},
		{
			"from": [ 13.25, 6, 9.25 ],
			"to": [ 13.75, 6.5, 9.75 ],
			"faces": {
				"north": { "uv": [ 2, 8, 3, 9 ], "texture": "#Widder", "cullface": false },
				"south": { "uv": [ 3, 7, 4, 8 ], "texture": "#Widder", "cullface": false },
				"east": { "uv": [ 4, 8, 5, 9 ], "texture": "#Widder", "cullface": false },
				"west": { "uv": [ 4, 8, 5, 9 ], "texture": "#Widder", "cullface": false },
				"up": { "uv": [ 3, 8, 4, 9 ], "texture": "#Widder", "cullface": false },
				"down": { "uv": [ 0, 0, 0, 0 ], "texture": "#Widder", "cullface": false }
			}
		},
		{
			"from": [ 9, 9, 7 ],
			"to": [ 10, 11, 8 ],
			"faces": {
				"north": { "uv": [ 0, 0, 0, 0 ], "texture": "#Widder", "cullface": false },
				"south": { "uv": [ 0, 0, 0, 0 ], "texture": "#Widder", "cullface": false },
				"east": { "uv": [ 0, 0, 0, 0 ], "texture": "#Widder", "cullface": false },
				"west": { "uv": [ 0, 0, 0, 0 ], "texture": "#Widder", "cullface": false },
				"up": { "uv": [ 0, 0, 0, 0 ], "texture": "#Widder", "cullface": false },
				"down": { "uv": [ 0, 0, 0, 0 ], "texture": "#Widder", "cullface": false }
			}
		},
		{
			"from": [ 10, 11, 7 ],
			"to": [ 12, 12, 8 ],
			"faces": {
				"north": { "uv": [ 0, 0, 0, 0 ], "texture": "#Widder", "cullface": false },
				"south": { "uv": [ 0, 0, 0, 0 ], "texture": "#Widder", "cullface": false },
				"east": { "uv": [ 0, 0, 0, 0 ], "texture": "#Widder", "cullface": false },
				"west": { "uv": [ 0, 0, 0, 0 ], "texture": "#Widder", "cullface": false },
				"up": { "uv": [ 0, 0, 0, 0 ], "texture": "#Widder", "cullface": false },
				"down": { "uv": [ 0, 0, 0, 0 ], "texture": "#Widder", "cullface": false }
			}
		},
		{
			"from": [ 12, 10, 7 ],
			"to": [ 13, 11, 8 ],
			"faces": {
				"north": { "uv": [ 0, 0, 0, 0 ], "texture": "#Widder", "cullface": false },
				"south": { "uv": [ 0, 0, 0, 0 ], "texture": "#Widder", "cullface": false },
				"east": { "uv": [ 0, 0, 0, 0 ], "texture": "#Widder", "cullface": false },
				"west": { "uv": [ 0, 0, 0, 0 ], "texture": "#Widder", "cullface": false },
				"up": { "uv": [ 0, 0, 0, 0 ], "texture": "#Widder", "cullface": false },
				"down": { "uv": [ 0, 0, 0, 0 ], "texture": "#Widder", "cullface": false }
			}
		},
		{
			"from": [ 13, 9, 8 ],
			"to": [ 14, 10, 9 ],
			"faces": {
				"north": { "uv": [ 0, 0, 0, 0 ], "texture": "#Widder", "cullface": false },
				"south": { "uv": [ 0, 0, 0, 0 ], "texture": "#Widder", "cullface": false },
				"east": { "uv": [ 0, 0, 0, 0 ], "texture": "#Widder", "cullface": false },
				"west": { "uv": [ 0, 0, 0, 0 ], "texture": "#Widder", "cullface": false },
				"up": { "uv": [ 0, 0, 0, 0 ], "texture": "#Widder", "cullface": false },
				"down": { "uv": [ 0, 0, 0, 0 ], "texture": "#Widder", "cullface": false }
			}
		},
		{
			"from": [ 14, 9, 9 ],
			"to": [ 15, 10, 10 ],
			"faces": {
				"north": { "uv": [ 0, 0, 0, 0 ], "texture": "#Widder", "cullface": false },
				"south": { "uv": [ 0, 0, 0, 0 ], "texture": "#Widder", "cullface": false },
				"east": { "uv": [ 0, 0, 0, 0 ], "texture": "#Widder", "cullface": false },
				"west": { "uv": [ 0, 0, 0, 0 ], "texture": "#Widder", "cullface": false },
				"up": { "uv": [ 0, 0, 0, 0 ], "texture": "#Widder", "cullface": false },
				"down": { "uv": [ 0, 0, 0, 0 ], "texture": "#Widder", "cullface": false }
			}
		},
		{
			"from": [ 15, 10, 9 ],
			"to": [ 16, 11, 10 ],
			"faces": {
				"north": { "uv": [ 0, 0, 0, 0 ], "texture": "#Widder", "cullface": false },
				"south": { "uv": [ 0, 0, 0, 0 ], "texture": "#Widder", "cullface": false },
				"east": { "uv": [ 0, 0, 0, 0 ], "texture": "#Widder", "cullface": false },
				"west": { "uv": [ 0, 0, 0, 0 ], "texture": "#Widder", "cullface": false },
				"up": { "uv": [ 0, 0, 0, 0 ], "texture": "#Widder", "cullface": false },
				"down": { "uv": [ 0, 0, 0, 0 ], "texture": "#Widder", "cullface": false }
			}
		},
		{
			"from": [ 5, 3, 8 ],
			"to": [ 7, 4, 9 ],
			"faces": {
				"north": { "uv": [ 0, 0, 0, 0 ], "texture": "#Widder", "cullface": false },
				"south": { "uv": [ 0, 0, 0, 0 ], "texture": "#Widder", "cullface": false },
				"east": { "uv": [ 0, 0, 0, 0 ], "texture": "#Widder", "cullface": false },
				"west": { "uv": [ 0, 0, 0, 0 ], "texture": "#Widder", "cullface": false },
				"up": { "uv": [ 0, 0, 0, 0 ], "texture": "#Widder", "cullface": false },
				"down": { "uv": [ 0, 0, 0, 0 ], "texture": "#Widder", "cullface": false }
			}
		},
		{
			"from": [ 4, 4, 6 ],
			"to": [ 5, 5, 8 ],
			"faces": {
				"north": { "uv": [ 0, 0, 0, 0 ], "texture": "#Widder", "cullface": false },
				"south": { "uv": [ 0, 0, 0, 0 ], "texture": "#Widder", "cullface": false },
				"east": { "uv": [ 0, 0, 0, 0 ], "texture": "#Widder", "cullface": false },
				"west": { "uv": [ 0, 0, 0, 0 ], "texture": "#Widder", "cullface": false },
				"up": { "uv": [ 0, 0, 0, 0 ], "texture": "#Widder", "cullface": false },
				"down": { "uv": [ 0, 0, 0, 0 ], "texture": "#Widder", "cullface": false }
			}
		},
		{
			"from": [ 3, 5, 5 ],
			"to": [ 4, 6, 6 ],
			"faces": {
				"north": { "uv": [ 0, 0, 0, 0 ], "texture": "#Widder", "cullface": false },
				"south": { "uv": [ 0, 0, 0, 0 ], "texture": "#Widder", "cullface": false },
				"east": { "uv": [ 0, 0, 0, 0 ], "texture": "#Widder", "cullface": false },
				"west": { "uv": [ 0, 0, 0, 0 ], "texture": "#Widder", "cullface": false },
				"up": { "uv": [ 0, 0, 0, 0 ], "texture": "#Widder", "cullface": false },
				"down": { "uv": [ 0, 0, 0, 0 ], "texture": "#Widder", "cullface": false }
			}
		},
		{
			"from": [ 2, 6, 5 ],
			"to": [ 3, 8, 6 ],
			"faces": {
				"north": { "uv": [ 0, 0, 0, 0 ], "texture": "#Widder", "cullface": false },
				"south": { "uv": [ 0, 0, 0, 0 ], "texture": "#Widder", "cullface": false },
				"east": { "uv": [ 0, 0, 0, 0 ], "texture": "#Widder", "cullface": false },
				"west": { "uv": [ 0, 0, 0, 0 ], "texture": "#Widder", "cullface": false },
				"up": { "uv": [ 0, 0, 0, 0 ], "texture": "#Widder", "cullface": false },
				"down": { "uv": [ 0, 0, 0, 0 ], "texture": "#Widder", "cullface": false }
			}
		},
		{
			"from": [ 1, 8, 4 ],
			"to": [ 2, 9, 5 ],
			"faces": {
				"north": { "uv": [ 0, 0, 0, 0 ], "texture": "#Widder", "cullface": false },
				"south": { "uv": [ 0, 0, 0, 0 ], "texture": "#Widder", "cullface": false },
				"east": { "uv": [ 0, 0, 0, 0 ], "texture": "#Widder", "cullface": false },
				"west": { "uv": [ 0, 0, 0, 0 ], "texture": "#Widder", "cullface": false },
				"up": { "uv": [ 0, 0, 0, 0 ], "texture": "#Widder", "cullface": false },
				"down": { "uv": [ 0, 0, 0, 0 ], "texture": "#Widder", "cullface": false }
			}
		},
		{
			"from": [ 0, 9, 5 ],
			"to": [ 1, 10, 6 ],
			"faces": {
				"north": { "uv": [ 0, 0, 0, 0 ], "texture": "#Widder", "cullface": false },
				"south": { "uv": [ 0, 0, 0, 0 ], "texture": "#Widder", "cullface": false },
				"east": { "uv": [ 0, 0, 0, 0 ], "texture": "#Widder", "cullface": false },
				"west": { "uv": [ 0, 0, 0, 0 ], "texture": "#Widder", "cullface": false },
				"up": { "uv": [ 0, 0, 0, 0 ], "texture": "#Widder", "cullface": false },
				"down": { "uv": [ 0, 0, 0, 0 ], "texture": "#Widder", "cullface": false }
			}
		},
		{
			"from": [ -1, 10, 5 ],
			"to": [ 0, 11, 6 ],
			"faces": {
				"north": { "uv": [ 0, 0, 0, 0 ], "texture": "#Widder", "cullface": false },
				"south": { "uv": [ 0, 0, 0, 0 ], "texture": "#Widder", "cullface": false },
				"east": { "uv": [ 0, 0, 0, 0 ], "texture": "#Widder", "cullface": false },
				"west": { "uv": [ 0, 0, 0, 0 ], "texture": "#Widder", "cullface": false },
				"up": { "uv": [ 0, 0, 0, 0 ], "texture": "#Widder", "cullface": false },
				"down": { "uv": [ 0, 0, 0, 0 ], "texture": "#Widder", "cullface": false }
			}
		},
		{
			"from": [ 3, 2, 9 ],
			"to": [ 5, 3, 10 ],
			"faces": {
				"north": { "uv": [ 0, 0, 0, 0 ], "texture": "#Widder", "cullface": false },
				"south": { "uv": [ 0, 0, 0, 0 ], "texture": "#Widder", "cullface": false },
				"east": { "uv": [ 0, 0, 0, 0 ], "texture": "#Widder", "cullface": false },
				"west": { "uv": [ 0, 0, 0, 0 ], "texture": "#Widder", "cullface": false },
				"up": { "uv": [ 0, 0, 0, 0 ], "texture": "#Widder", "cullface": false },
				"down": { "uv": [ 0, 0, 0, 0 ], "texture": "#Widder", "cullface": false }
			}
		},
		{
			"from": [ 0, 1, 9 ],
			"to": [ 3, 2, 10 ],
			"faces": {
				"north": { "uv": [ 0, 0, 0, 0 ], "texture": "#Widder", "cullface": false },
				"south": { "uv": [ 0, 0, 0, 0 ], "texture": "#Widder", "cullface": false },
				"east": { "uv": [ 0, 0, 0, 0 ], "texture": "#Widder", "cullface": false },
				"west": { "uv": [ 0, 0, 0, 0 ], "texture": "#Widder", "cullface": false },
				"up": { "uv": [ 0, 0, 0, 0 ], "texture": "#Widder", "cullface": false },
				"down": { "uv": [ 0, 0, 0, 0 ], "texture": "#Widder", "cullface": false }
			}
		},
		{
			"from": [ -1, 2, 9 ],
			"to": [ 0, 3, 10 ],
			"faces": {
				"north": { "uv": [ 0, 0, 0, 0 ], "texture": "#Widder", "cullface": false },
				"south": { "uv": [ 0, 0, 0, 0 ], "texture": "#Widder", "cullface": false },
				"east": { "uv": [ 0, 0, 0, 0 ], "texture": "#Widder", "cullface": false },
				"west": { "uv": [ 0, 0, 0, 0 ], "texture": "#Widder", "cullface": false },
				"up": { "uv": [ 0, 0, 0, 0 ], "texture": "#Widder", "cullface": false },
				"down": { "uv": [ 0, 0, 0, 0 ], "texture": "#Widder", "cullface": false }
			}
		},
		{
			"from": [ -2, 3, 9 ],
			"to": [ -1, 5, 10 ],
			"faces": {
				"north": { "uv": [ 0, 0, 0, 0 ], "texture": "#Widder", "cullface": false },
				"south": { "uv": [ 0, 0, 0, 0 ], "texture": "#Widder", "cullface": false },
				"east": { "uv": [ 0, 0, 0, 0 ], "texture": "#Widder", "cullface": false },
				"west": { "uv": [ 0, 0, 0, 0 ], "texture": "#Widder", "cullface": false },
				"up": { "uv": [ 0, 0, 0, 0 ], "texture": "#Widder", "cullface": false },
				"down": { "uv": [ 0, 0, 0, 0 ], "texture": "#Widder", "cullface": false }
			}
		},
		{
			"from": [ -3, 5, 9 ],
			"to": [ -2, 6, 10 ],
			"faces": {
				"north": { "uv": [ 0, 0, 0, 0 ], "texture": "#Widder", "cullface": false },
				"south": { "uv": [ 0, 0, 0, 0 ], "texture": "#Widder", "cullface": false },
				"east": { "uv": [ 0, 0, 0, 0 ], "texture": "#Widder", "cullface": false },
				"west": { "uv": [ 0, 0, 0, 0 ], "texture": "#Widder", "cullface": false },
				"up": { "uv": [ 0, 0, 0, 0 ], "texture": "#Widder", "cullface": false },
				"down": { "uv": [ 0, 0, 0, 0 ], "texture": "#Widder", "cullface": false }
			}
		},
		{
			"from": [ 10, 4, 10 ],
			"to": [ 11, 5, 12 ],
			"faces": {
				"north": { "uv": [ 0, 0, 0, 0 ], "texture": "#Widder", "cullface": false },
				"south": { "uv": [ 0, 0, 0, 0 ], "texture": "#Widder", "cullface": false },
				"east": { "uv": [ 0, 0, 0, 0 ], "texture": "#Widder", "cullface": false },
				"west": { "uv": [ 0, 0, 0, 0 ], "texture": "#Widder", "cullface": false },
				"up": { "uv": [ 0, 0, 0, 0 ], "texture": "#Widder", "cullface": false },
				"down": { "uv": [ 0, 0, 0, 0 ], "texture": "#Widder", "cullface": false }
			}
		},
		{
			"from": [ 10, 5, 9 ],
			"to": [ 11, 7, 10 ],
			"faces": {
				"north": { "uv": [ 0, 0, 0, 0 ], "texture": "#Widder", "cullface": false },
				"south": { "uv": [ 0, 0, 0, 0 ], "texture": "#Widder", "cullface": false },
				"east": { "uv": [ 0, 0, 0, 0 ], "texture": "#Widder", "cullface": false },
				"west": { "uv": [ 0, 0, 0, 0 ], "texture": "#Widder", "cullface": false },
				"up": { "uv": [ 0, 0, 0, 0 ], "texture": "#Widder", "cullface": false },
				"down": { "uv": [ 0, 0, 0, 0 ], "texture": "#Widder", "cullface": false }
			}
		},
		{
			"from": [ 11, 7, 10 ],
			"to": [ 12, 9, 11 ],
			"faces": {
				"north": { "uv": [ 0, 0, 0, 0 ], "texture": "#Widder", "cullface": false },
				"south": { "uv": [ 0, 0, 0, 0 ], "texture": "#Widder", "cullface": false },
				"east": { "uv": [ 0, 0, 0, 0 ], "texture": "#Widder", "cullface": false },
				"west": { "uv": [ 0, 0, 0, 0 ], "texture": "#Widder", "cullface": false },
				"up": { "uv": [ 0, 0, 0, 0 ], "texture": "#Widder", "cullface": false },
				"down": { "uv": [ 0, 0, 0, 0 ], "texture": "#Widder", "cullface": false }
			}
		},
		{
			"from": [ 12, 9, 11 ],
			"to": [ 13, 11, 12 ],
			"faces": {
				"north": { "uv": [ 0, 0, 0, 0 ], "texture": "#Widder", "cullface": false },
				"south": { "uv": [ 0, 0, 0, 0 ], "texture": "#Widder", "cullface": false },
				"east": { "uv": [ 0, 0, 0, 0 ], "texture": "#Widder", "cullface": false },
				"west": { "uv": [ 0, 0, 0, 0 ], "texture": "#Widder", "cullface": false },
				"up": { "uv": [ 0, 0, 0, 0 ], "texture": "#Widder", "cullface": false },
				"down": { "uv": [ 0, 0, 0, 0 ], "texture": "#Widder", "cullface": false }
			}
		},
		{
			"from": [ 13, 11, 12 ],
			"to": [ 14, 13, 13 ],
			"faces": {
				"north": { "uv": [ 0, 0, 0, 0 ], "texture": "#Widder", "cullface": false },
				"south": { "uv": [ 0, 0, 0, 0 ], "texture": "#Widder", "cullface": false },
				"east": { "uv": [ 0, 0, 0, 0 ], "texture": "#Widder", "cullface": false },
				"west": { "uv": [ 0, 0, 0, 0 ], "texture": "#Widder", "cullface": false },
				"up": { "uv": [ 0, 0, 0, 0 ], "texture": "#Widder", "cullface": false },
				"down": { "uv": [ 0, 0, 0, 0 ], "texture": "#Widder", "cullface": false }
			}
		},
		{
			"from": [ 12, 13, 11 ],
			"to": [ 13, 14, 12 ],
			"faces": {
				"north": { "uv": [ 0, 0, 0, 0 ], "texture": "#Widder", "cullface": false },
				"south": { "uv": [ 0, 0, 0, 0 ], "texture": "#Widder", "cullface": false },
				"east": { "uv": [ 0, 0, 0, 0 ], "texture": "#Widder", "cullface": false },
				"west": { "uv": [ 0, 0, 0, 0 ], "texture": "#Widder", "cullface": false },
				"up": { "uv": [ 0, 0, 0, 0 ], "texture": "#Widder", "cullface": false },
				"down": { "uv": [ 0, 0, 0, 0 ], "texture": "#Widder", "cullface": false }
			}
		}
	]
}