{"stat.chestOpened":13,"stat.useItem.minecraft.bow":29,"stat.killEntity.EntityHorse":53,"stat.horseOneCm":12952,"stat.leaveGame":7,"stat.mineBlock.minecraft.cobblestone":1,"stat.useItem.minecraft.diamond_axe":21,"stat.killEntity.Ghast":1,"stat.useItem.minecraft.tnt_minecart":1,"stat.useItem.minecraft.diamond_sword":58,"stat.useItem.minecraft.potion":1,"stat.killEntity.PigZombie":7,"stat.jump":644,"stat.swimOneCm":10647,"stat.fallOneCm":34840,"stat.entityKilledBy.PigZombie":1,"stat.entityKilledBy.CaveSpider":1,"stat.crouchOneCm":22189,"stat.enderchestOpened":4,"stat.mineBlock.minecraft.chest":1,"stat.craftItem.minecraft.chest":1,"achievement.exploreAllBiomes":{"value":0,"progress":["Plains"]},"stat.entityKilledBy.Endermite":2,"stat.mineBlock.minecraft.iron_bars":2,"stat.entityKilledBy.Spider":2,"stat.mineBlock.minecraft.glass_pane":5,"stat.damageTaken":64561,"stat.useItem.minecraft.detector_rail":2,"stat.mineBlock.minecraft.torch":3,"stat.tradedWithVillager":8,"stat.breakItem.minecraft.leather_boots":1,"stat.noteblockTuned":1,"stat.flyOneCm":350610,"stat.breakItem.minecraft.iron_leggings":1,"stat.entityKilledBy.Zombie":11,"stat.killEntity.Villager":2,"stat.damageDealt":20586,"stat.killEntity.Rabbit":5,"stat.craftItem.minecraft.emerald_block":6,"stat.useItem.minecraft.wool":2,"stat.timeSinceDeath":41,"stat.killEntity.Silverfish":1,"stat.killEntity.Bat":1,"stat.walkOneCm":1251776,"stat.useItem.minecraft.bread":1,"stat.mineBlock.minecraft.birch_fence":1,"stat.playerKills":23,"stat.useItem.minecraft.chest":3,"stat.useItem.minecraft.lever":2,"stat.entityKilledBy.Rabbit":6,"stat.useItem.minecraft.tnt":8,"stat.killEntity.Wolf":1,"stat.talkedToVillager":3,"stat.entityKilledBy.Skeleton":11,"stat.useItem.minecraft.golden_axe":138,"stat.mineBlock.minecraft.wool":4,"stat.sprintOneCm":392795,"stat.entityKilledBy.Enderman":2,"stat.killEntity.Skeleton":13,"stat.mineBlock.minecraft.tnt":1,"achievement.openInventory":146,"stat.mineBlock.minecraft.stonebrick":6,"stat.useItem.minecraft.barrier":3,"stat.mineBlock.minecraft.fence":2,"stat.mineBlock.minecraft.prismarine":1,"stat.useItem.minecraft.pumpkin_pie":4,"stat.useItem.minecraft.diamond_pickaxe":49,"stat.mobKills":111,"stat.entityKilledBy.Creeper":2,"stat.useItem.minecraft.golden_apple":1,"stat.deaths":106,"stat.drop":3,"stat.useItem.minecraft.hopper_minecart":1,"stat.playOneMinute":153188,"stat.useItem.minecraft.wooden_sword":3,"stat.entityKilledBy.Silverfish":3,"stat.killEntity.Sheep":3,"stat.entityKilledBy.Slime":2,"stat.craftItem.minecraft.emerald":5,"stat.killEntity.Zombie":5,"stat.diveOneCm":3630}